,id,time_spending,reasons_using,d_information,d_communication,d_new_friend,d_share,d_study,d_entainterment,number_friends,group_membership,SIU_INGroup,informational_use,SIU_1,SIU_2,SIU_3,entertainment_use,OEP_1,political_efficacy,OEP_2,OEP_3,OEP_4_Data,OEP_4,OFEP_1,OFEP_2,OFEP_3,OFEP_4,gender,age,barth_place,education,job,income,rural_urban_1,location,rural_urban_2,fav_party,OEPPP
0,1,3,"1, 2, 5",1,1,0,0,1,0,4,"1, 2, 3, 4",4,4,5,4,4,5,4,4,4,2,1,1,1,0,1,1.0,0,23,5,4,1,1,1,10,1.0,1,0.55
1,2,2,"1, 2, 4, 5",1,1,0,1,1,0,2,"1, 2, 3, 4",4,5,5,4,4,4,4,3,4,1,1,1,0,0,0,1.0,0,30,10,4,4,3,3,10,1.0,4,0.5
2,3,3,"1, 4, 6",1,0,0,1,0,1,3,"1, 2, 3, 4",4,3,2,3,2,5,4,3,2,4,1,1,1,1,1,0.0,1,22,14,4,1,1,4,14,3.0,4,0.55
3,4,3,6,0,0,0,0,0,1,4,"2, 3, 4",3,4,4,4,4,5,4,3,2,2,1,1,0,0,1,1.0,0,23,8,5,1,2,1,10,3.0,1,0.45
4,5,2,"1, 2, 3, 4, 5, 6",1,1,1,1,1,1,1,"2, 3, 4",3,5,5,5,5,4,4,3,4,3,1,1,0,0,0,1.0,0,29,8,5,5,2,3,8,1.0,1,0.6000000000000001
5,6,3,"2, 6",0,1,0,0,0,1,3,"2, 3",2,1,5,1,1,5,4,2,1,1,1,1,0,0,0,,0,24,13,5,1,2,1,13,1.0,4,0.35
6,7,3,6,0,0,0,0,0,1,4,"1, 2, 3, 4",4,3,5,2,4,4,4,2,4,2,1,1,0,0,0,1.0,1,23,10,4,7,5,3,10,1.0,1,0.55
7,8,2,"1, 2, 5",1,1,0,0,1,0,2,"1, 2, 3, 4",4,5,5,3,5,3,3,3,4,4,"3, 4",2,0,0,0,0.0,1,40,13,4,4,4,1,13,1.0,1,0.65
8,9,3,"1, 5",1,0,0,0,1,0,1,"1, 2, 3, 4",4,5,4,1,5,4,4,5,4,4,1,1,1,0,0,0.0,1,29,10,4,4,2,1,10,3.0,1,0.6500000000000001
9,10,3,"1, 3, 4",1,0,1,1,0,0,4,"1, 2, 3, 4",4,4,5,4,5,5,4,4,5,4,1,1,1,0,0,,0,24,8,4,1,1,1,9,1.0,1,0.7000000000000001
10,11,1,"1, 5, 6",1,0,0,0,1,1,2,"1, 2, 3, 4",4,4,4,3,5,4,4,4,4,5,1,1,1,0,0,0.0,0,23,13,5,1,1,1,13,1.0,1,0.7000000000000001
11,12,2,"1, 5",1,0,0,0,1,0,3,"2, 3",2,4,4,1,5,1,3,1,4,4,2,1,1,0,0,,0,30,9,4,4,3,1,13,1.0,1,0.6000000000000001
12,13,3,"1, 2, 5",1,1,0,0,1,0,2,"1, 2, 3, 4",4,4,5,4,4,5,4,3,4,5,3,1,1,0,0,1.0,1,28,13,4,4,4,1,13,1.0,1,0.7000000000000001
13,14,2,"1, 2, 4, 6",1,1,0,1,0,1,3,"1, 2, 3, 4",4,4,5,4,5,3,3,2,4,3,1,1,1,0,1,0.0,0,24,10,4,1,1,1,10,1.0,1,0.55
14,15,3,"1, 2, 4, 5",1,1,0,1,1,0,2,"1, 2",2,4,4,4,4,4,5,2,4,4,1,1,1,0,0,,0,37,9,5,5,2,3,10,1.0,1,0.7000000000000001
15,16,3,"1, 2, 4, 5, 6",1,1,0,1,1,1,3,"1, 2, 3, 4",4,4,5,2,5,5,4,1,4,1,1,1,1,0,0,0.0,0,24,9,4,1,2,2,10,1.0,1,0.5
16,17,2,"1, 2, 4, 5",1,1,0,1,1,0,3,"2, 3, 4",3,5,5,4,4,4,5,3,3,3,1,1,0,0,0,0.0,0,29,10,5,5,2,1,10,1.0,1,0.6000000000000001
17,18,2,"2, 4, 5, 6",0,1,0,1,1,1,1,"1, 2, 3, 4",4,4,4,4,4,4,4,1,4,1,1,1,1,0,0,1.0,0,22,10,0,1,2,3,10,1.0,1,0.5
18,19,2,5,0,0,0,0,1,0,2,2,1,5,5,5,4,4,4,5,4,5,"3, 4",2,1,0,1,1.0,0,32,7,4,7,2,1,7,2.0,3,0.75
19,20,3,"1, 2, 3, 4, 5, 6",1,1,1,1,1,1,4,"1, 2, 3, 4",4,4,4,1,4,5,3,1,1,3,2,1,0,0,0,1.0,1,27,10,6,6,2,2,10,1.0,1,0.39999999999999997
20,21,2,"1, 2, 6",1,1,0,0,0,1,2,"1, 2, 4",3,4,5,4,4,4,4,4,4,4,2,1,1,0,0,1.0,0,29,10,4,7,3,3,10,1.0,1,0.6500000000000001
21,22,3,"1, 2, 5",1,1,0,0,1,0,2,"1, 2, 3, 4",4,4,3,2,3,3,3,2,2,3,2,1,1,0,0,0.0,0,29,10,4,7,3,1,10,1.0,4,0.45
22,23,3,"1, 2, 3, 5",1,1,1,0,1,0,2,"1, 2, 3, 4",4,4,4,4,4,4,4,4,4,4,1,1,0,0,0,0.0,0,32,13,5,5,2,1,13,1.0,1,0.6500000000000001
23,24,2,"1, 2, 4, 5, 6",1,1,0,1,1,1,3,2,1,2,2,1,4,2,2,2,3,1,2,1,0,0,0,,0,32,9,5,5,2,4,9,3.0,1,0.35
24,25,2,"2, 4, 5",0,1,0,1,1,0,3,"2, 3, 4",3,3,4,3,3,3,3,3,3,3,1,1,0,0,0,0.0,0,28,10,5,1,2,5,10,1.0,4,0.49999999999999994
25,26,3,"2, 5",0,1,0,0,1,0,4,"1, 2, 3, 4",4,4,4,2,3,3,2,3,3,3,1,1,1,1,1,1.0,0,21,10,0,1,1,3,10,3.0,1,0.45
26,27,3,"1, 2, 5, 6",1,1,0,0,1,1,2,"1, 2, 3, 4",4,5,4,4,5,4,3,4,5,3,"1, 3",2,1,0,0,1.0,0,17,11,0,1,1,3,11,1.0,1,0.65
27,28,2,"2, 5, 6",0,1,0,0,1,1,2,"1, 2, 4",3,4,5,2,4,5,3,2,3,3,1,1,0,0,0,1.0,0,29,10,5,4,5,5,10,1.0,1,0.49999999999999994
28,29,3,"1, 2",1,1,0,0,0,0,3,"2, 3, 4",3,4,5,3,4,4,4,3,4,5,1,1,1,0,1,1.0,0,23,8,4,1,1,3,8,1.0,1,0.7000000000000001
29,30,2,"1, 6",1,0,0,0,0,1,3,"1, 2, 3, 4",4,5,4,3,4,4,3,5,5,4,1,1,1,1,0,1.0,0,23,10,4,1,3,1,13,2.0,1,0.6500000000000001
30,31,3,"1, 2, 4, 5, 6",1,1,0,1,1,1,4,"1, 2, 3, 4",4,5,5,3,5,5,5,3,5,2,1,1,1,0,0,0.0,1,37,8,4,4,3,1,13,1.0,1,0.65
31,32,2,6,0,0,0,0,0,1,2,"2, 3",2,4,5,1,3,5,4,2,3,4,1,1,1,0,0,,0,24,10,4,1,2,1,10,2.0,1,0.6000000000000001
32,33,2,"1, 2, 3, 4, 5, 6",1,1,1,1,1,1,4,"2, 3, 4",3,4,4,3,4,5,5,2,3,1,1,1,1,0,1,0.0,0,25,11,4,5,2,4,11,3.0,1,0.5
33,34,3,4,0,0,0,1,0,0,3,"2, 3",2,3,3,1,3,3,3,2,2,3,1,1,0,0,0,,1,25,1,4,7,1,4,1,4.0,4,0.45
34,35,3,5,0,0,0,0,1,0,4,4,1,5,4,2,4,4,4,5,4,5,4,1,1,1,1,1.0,1,53,10,4,7,4,3,10,1.0,1,0.7000000000000001
35,36,3,"1, 2, 4, 5, 6",1,1,0,1,1,1,2,"3, 4",2,5,5,1,5,5,5,3,3,3,2,1,1,0,0,0.0,1,21,9,3,1,1,1,10,1.0,1,0.6000000000000001
36,37,2,"1, 2, 4, 5",1,1,0,1,1,0,3,"1, 2, 3, 4",4,5,5,3,5,4,4,4,4,4,1,1,0,0,0,,0,35,8,6,5,2,1,13,1.0,1,0.6500000000000001
37,38,3,6,0,0,0,0,0,1,3,"3, 4",2,1,3,3,3,5,5,1,3,1,1,1,0,0,0,,0,24,10,4,1,1,1,10,1.0,4,0.5
38,39,3,"1, 2, 3, 4, 5, 6",1,1,1,1,1,1,4,"1, 2, 3, 4",4,5,5,1,5,4,5,4,4,5,4,1,1,1,0,,0,24,1,5,1,2,1,8,1.0,1,0.75
39,40,3,"1, 2, 5",1,1,0,0,1,0,3,"1, 2, 3",3,4,4,1,4,3,1,1,1,1,1,1,0,0,0,0.0,1,37,14,3,4,3,1,13,1.0,4,0.2
40,41,2,"1, 5",1,0,0,0,1,0,1,"2, 4",2,3,4,3,4,3,2,1,3,1,2,1,0,0,0,,0,26,10,4,2,1,4,10,3.0,1,0.35
41,42,3,"1, 5, 6",1,0,0,0,1,1,1,"1, 2, 3, 4",4,5,2,2,5,4,5,3,5,1,1,1,1,0,0,,0,26,10,4,5,2,1,10,1.0,1,0.6000000000000001
42,43,3,"1, 2, 3, 4, 5, 6",1,1,1,1,1,1,3,"1, 2, 3, 4",4,5,5,5,5,5,5,5,5,5,1,1,1,1,1,1.0,0,36,4,5,7,2,1,13,1.0,1,0.8
43,44,1,"1, 2, 4, 5",1,1,0,1,1,0,1,3,1,5,5,1,5,5,5,5,5,5,1,1,1,0,1,1.0,1,24,10,3,7,3,3,10,1.0,1,0.8
44,45,3,"1, 5, 6",1,0,0,0,1,1,1,"2, 3",2,5,4,1,1,4,1,1,1,1,1,1,1,0,0,0.0,1,17,5,3,1,1,3,5,2.0,4,0.2
45,46,2,"1, 2, 4, 5, 6",1,1,0,1,1,1,2,"1, 2, 3, 4",4,4,5,3,4,2,4,5,4,4,"1, 3",2,1,0,1,0.0,1,19,8,3,1,1,4,8,3.0,4,0.7000000000000001
46,47,3,6,0,0,0,0,0,1,3,"1, 2, 3, 4",4,4,2,1,5,5,1,2,3,3,1,1,1,1,1,0.0,0,22,10,4,7,1,1,10,1.0,1,0.39999999999999997
47,48,3,"1, 2, 5",1,1,0,0,1,0,3,"1, 2, 3, 4",4,5,5,3,4,4,5,1,2,3,1,1,1,0,0,1.0,0,24,10,4,1,1,1,10,1.0,1,0.55
48,49,3,"1, 4, 6",1,0,0,1,0,1,2,"1, 2, 3, 4",4,4,4,2,4,5,4,1,4,1,1,1,0,0,0,,0,20,13,3,1,2,4,13,3.0,1,0.5
49,50,3,"1, 2, 4, 5",1,1,0,1,1,0,2,"2, 3, 4",3,4,4,3,4,3,5,4,4,4,2,1,1,1,1,1.0,1,19,10,4,1,1,1,13,1.0,4,0.7000000000000001
50,51,2,1,1,0,0,0,0,0,1,"1, 2, 3, 4",4,4,3,3,4,3,3,4,5,5,3,1,1,0,0,,1,23,10,0,4,3,1,10,1.0,1,0.7000000000000001
51,52,3,1,1,0,0,0,0,0,4,2,1,5,4,4,5,4,4,4,4,4,1,1,0,1,0,1.0,0,29,10,4,5,2,4,10,3.0,1,0.6500000000000001
52,53,3,"1, 2, 5",1,1,0,0,1,0,4,"1, 2, 3, 4",4,4,4,3,4,5,3,3,3,3,2,1,0,0,0,,1,21,10,4,4,2,1,10,1.0,4,0.49999999999999994
53,54,3,"1, 2, 4, 5, 6",1,1,0,1,1,1,1,"1, 2, 3, 4",4,3,5,1,4,5,3,1,2,1,1,1,1,0,0,,0,21,1,3,1,1,3,8,1.0,4,0.35
54,55,3,2,0,1,0,0,0,0,3,1,1,5,5,5,5,3,5,5,5,3,2,1,0,0,0,1.0,0,27,10,4,5,2,3,10,3.0,1,0.7000000000000001
55,56,3,"1, 2, 3, 4, 5",1,1,1,1,1,0,4,"1, 2, 3, 4",4,5,5,5,5,4,4,4,5,5,1,1,1,1,1,1.0,1,25,8,4,4,3,3,14,1.0,1,0.75
56,57,3,"1, 2, 3, 4, 5, 6",1,1,1,1,1,1,3,"2, 4",2,5,5,5,4,5,4,2,4,4,1,1,1,1,1,0.0,1,23,10,4,1,1,3,10,2.0,1,0.6500000000000001
57,58,3,"1, 2, 5",1,1,0,0,1,0,2,"2, 3",2,3,5,3,3,3,3,2,3,3,2,1,1,0,0,1.0,0,21,9,0,2,1,4,9,3.0,1,0.49999999999999994
58,59,3,"1, 2, 4, 5, 6",1,1,0,1,1,1,3,"1, 2, 3, 4",4,5,5,2,5,4,4,4,5,5,"1, 3",2,1,1,0,,1,19,10,0,1,2,3,10,1.0,1,0.7999999999999999
59,60,2,6,0,0,0,0,0,1,1,"2, 4",2,5,1,1,2,1,1,2,1,1,2,1,0,0,0,,0,32,13,5,4,5,1,13,1.0,1,0.2
60,61,3,"1, 2, 4, 5",1,1,0,1,1,0,3,"1, 2, 3, 4",4,5,5,1,3,1,3,3,3,1,1,1,1,1,0,,1,27,10,4,3,2,1,10,1.0,4,0.39999999999999997
61,62,3,"1, 2, 3, 4, 5, 6",1,1,1,1,1,1,3,"1, 2, 3, 4",4,4,4,4,4,4,4,4,4,1,1,1,1,0,0,,0,40,7,5,5,2,2,10,1.0,4,0.5
62,63,3,"1, 2",1,1,0,0,0,0,2,"1, 2",2,4,5,5,5,5,4,3,5,3,1,1,1,0,0,,1,17,12,0,1,1,1,12,1.0,1,0.65
63,64,3,6,0,0,0,0,0,1,4,2,1,5,5,4,5,5,5,5,5,5,3,1,1,0,0,1.0,0,29,10,4,5,2,4,10,3.0,1,0.8
64,65,3,"1, 2, 4, 5, 6",1,1,0,1,1,1,3,"1, 2, 3, 4",4,5,4,3,5,3,5,5,5,5,"1, 2",2,1,0,0,1.0,0,21,13,0,7,2,1,13,1.0,4,0.85
65,66,2,"1, 2",1,1,0,0,0,0,3,"1, 2, 3, 4",4,5,4,4,5,1,1,4,4,4,1,1,1,0,0,0.0,1,24,8,5,1,1,4,8,3.0,1,0.5
66,67,3,"1, 2, 4, 5",1,1,0,1,1,0,1,"1, 2, 3, 4",4,3,3,2,3,4,4,2,5,4,1,1,1,0,0,,0,35,13,4,5,2,2,13,1.0,4,0.7000000000000001
67,68,3,"1, 5",1,0,0,0,1,0,1,3,1,5,4,1,5,1,1,5,5,3,2,1,1,0,0,1.0,1,31,10,2,4,2,1,10,3.0,4,0.49999999999999994
68,69,3,"1, 2, 4, 5, 6",1,1,0,1,1,1,4,"1, 2, 3, 4",4,3,3,1,5,5,3,3,4,2,2,1,0,0,0,1.0,0,21,10,0,1,1,3,10,1.0,1,0.49999999999999994
69,70,2,"1, 2, 5",1,1,0,0,1,0,2,"1, 2",2,4,4,1,4,1,1,1,4,1,1,1,0,0,0,1.0,0,52,11,6,5,2,1,10,1.0,1,0.35
70,71,3,"1, 2, 4, 5",1,1,0,1,1,0,1,"1, 2, 3, 4",4,5,5,4,3,5,5,3,4,5,1,1,1,0,0,,1,24,10,0,1,1,3,10,1.0,1,0.75
71,72,3,2,0,1,0,0,0,0,3,2,1,5,5,2,5,1,4,1,4,4,1,1,1,0,0,1.0,0,28,10,5,5,2,3,10,4.0,2,0.6500000000000001
72,73,3,"1, 2, 5, 6",1,1,0,0,1,1,4,"1, 2, 3, 4",4,4,5,2,4,4,1,4,3,4,1,1,1,0,0,,0,24,7,4,1,3,1,10,1.0,1,0.45
73,74,2,"1, 4, 6",1,0,0,1,0,1,2,3,1,3,4,2,4,4,1,4,4,4,2,1,0,0,0,,0,42,5,4,4,2,1,11,1.0,4,0.5
74,75,2,3,0,0,1,0,0,0,3,1,1,5,5,5,5,4,5,3,5,5,3,1,1,1,1,1.0,1,25,7,3,7,3,1,7,1.0,1,0.8
75,76,2,"2, 4, 6",0,1,0,1,0,1,2,"1, 2, 3, 4",4,3,5,2,3,5,3,1,3,3,1,1,1,0,0,,0,38,10,6,5,5,2,10,1.0,1,0.49999999999999994
76,77,3,"2, 4",0,1,0,1,0,0,2,"2, 4",2,4,5,3,4,5,3,3,3,3,1,1,1,1,0,1.0,0,21,8,4,1,1,1,10,1.0,1,0.49999999999999994
77,78,2,6,0,0,0,0,0,1,3,"1, 2, 3, 4",4,4,3,3,4,5,5,3,4,4,2,1,1,0,0,,0,24,8,4,4,2,1,10,1.0,1,0.7000000000000001
78,79,3,"2, 5",0,1,0,0,1,0,1,"1, 2",2,3,4,1,1,2,1,1,3,1,1,1,0,0,0,1.0,0,19,13,4,1,1,1,13,1.0,1,0.3
79,80,2,5,0,0,0,0,1,0,2,3,1,4,4,1,5,1,2,2,5,5,3,1,1,1,1,1.0,1,22,7,4,7,3,3,1,2.0,3,0.65
80,81,3,"1, 2, 3, 4, 5, 6",1,1,1,1,1,1,1,"2, 3",2,3,2,2,2,4,4,1,3,3,2,1,0,0,0,,0,18,10,0,1,1,3,10,1.0,1,0.55
81,82,3,"1, 2, 4, 5, 6",1,1,0,1,1,1,2,"1, 2, 3, 4",4,5,5,4,5,5,5,5,4,4,1,1,1,1,0,0.0,0,32,9,4,4,2,1,10,1.0,1,0.7000000000000001
82,83,2,"1, 2, 4, 5",1,1,0,1,1,0,3,2,1,5,4,1,5,1,4,5,5,5,2,1,1,0,0,1.0,0,28,7,5,5,2,4,7,4.0,1,0.75
83,84,2,"1, 2, 3, 5",1,1,1,0,1,0,4,"2, 4",2,4,4,4,5,1,4,4,4,5,"1, 3",2,1,0,0,,1,33,10,4,5,2,4,10,3.0,1,0.75
84,85,2,6,0,0,0,0,0,1,2,"1, 2, 3",3,1,2,2,1,5,3,1,1,1,2,1,0,0,0,,0,24,9,4,4,3,3,10,1.0,4,0.3
85,86,3,"1, 2, 5, 6",1,1,0,0,1,1,2,"1, 2, 3, 4",4,5,5,4,4,4,3,2,4,2,1,1,1,0,0,1.0,1,21,9,3,1,1,1,10,1.0,1,0.49999999999999994
86,87,3,"1, 2, 3, 4, 5, 6",1,1,1,1,1,1,3,"1, 2, 3, 4",4,4,5,4,5,5,5,5,5,5,1,1,0,0,0,,0,22,9,4,1,2,1,10,1.0,1,0.8
87,88,2,"1, 2, 4, 6",1,1,0,1,0,1,3,"1, 2, 3, 4",4,3,4,2,5,4,4,3,3,1,2,1,1,0,0,,0,24,5,4,1,1,3,5,2.0,1,0.44999999999999996
88,89,2,6,0,0,0,0,0,1,3,"1, 2",2,4,4,3,5,5,2,1,5,3,"1, 2",2,1,0,0,,0,21,13,4,1,2,1,13,1.0,4,0.6
89,90,2,"1, 2, 5",1,1,0,0,1,0,4,"1, 2, 3, 4",4,5,5,5,5,4,4,3,3,4,1,1,1,0,1,1.0,1,25,8,4,7,3,3,8,1.0,1,0.6000000000000001
90,91,3,"1, 2, 5",1,1,0,0,1,0,3,"1, 2, 3",3,4,5,3,4,3,3,4,4,3,2,1,1,0,0,0.0,0,37,9,5,5,2,3,8,1.0,1,0.55
91,92,3,"1, 2, 4, 6",1,1,0,1,0,1,2,"2, 3, 4",3,4,5,1,4,5,5,3,3,3,1,1,0,0,0,,0,23,1,4,1,1,3,1,1.0,1,0.6000000000000001
92,93,3,6,0,0,0,0,0,1,3,"2, 3, 4",3,3,4,4,5,5,4,4,5,5,1,1,0,0,0,1.0,0,25,1,4,4,2,1,10,1.0,1,0.75
93,94,3,4,0,0,0,1,0,0,3,2,1,4,3,2,4,5,1,2,4,2,1,1,0,0,0,,0,24,10,5,1,2,1,10,1.0,1,0.39999999999999997
94,95,3,"1, 2, 4, 5, 6",1,1,0,1,1,1,2,"1, 2, 3, 4",4,5,4,2,4,4,2,4,4,4,1,1,1,0,0,1.0,1,27,10,4,7,2,1,10,1.0,1,0.55
95,96,3,"1, 2, 5",1,1,0,0,1,0,3,"1, 2, 3, 4",4,4,4,3,4,4,4,3,4,1,2,1,0,0,0,1.0,0,26,10,1,5,2,4,10,3.0,1,0.5
96,97,2,"1, 5, 6",1,0,0,0,1,1,3,"1, 2, 3, 4",4,4,4,1,4,5,4,1,3,1,1,1,0,0,0,,0,26,8,5,5,2,3,8,1.0,1,0.44999999999999996
97,98,3,"2, 3, 6",0,1,1,0,0,1,4,"2, 3",2,2,4,4,4,5,3,2,3,2,2,1,1,0,0,1.0,1,21,10,4,1,1,4,10,3.0,1,0.45
98,99,3,"2, 6",0,1,0,0,0,1,1,"1, 2, 3",3,4,4,2,3,2,2,2,2,2,2,1,0,0,0,0.0,0,25,7,5,5,2,3,7,2.0,1,0.35000000000000003
99,100,2,"1, 2, 5",1,1,0,0,1,0,3,"1, 2, 3",3,5,4,4,5,4,5,4,5,5,2,1,1,0,0,0.0,1,33,10,4,5,2,2,10,3.0,4,0.8
100,101,1,2,0,1,0,0,0,0,2,2,1,5,5,1,5,4,1,4,5,1,2,1,1,0,0,1.0,0,39,8,5,5,2,3,8,2.0,1,0.39999999999999997
101,102,3,"2, 5, 6",0,1,0,0,1,1,4,"1, 2",2,5,4,3,5,4,4,4,5,3,1,1,0,0,0,1.0,0,21,10,4,1,2,3,10,1.0,4,0.65
102,103,2,"1, 2, 5",1,1,0,0,1,0,2,2,1,4,4,2,5,1,1,2,1,1,1,1,0,0,0,,0,43,10,5,5,2,3,8,1.0,4,0.2
103,104,2,"1, 4, 5",1,0,0,1,1,0,2,"1, 3",2,4,4,4,5,2,4,4,4,4,3,1,0,0,0,1.0,1,23,10,4,7,2,1,10,1.0,1,0.6500000000000001
104,105,2,6,0,0,0,0,0,1,2,"1, 2, 3",3,3,3,3,3,4,4,1,1,1,1,1,0,0,0,0.0,1,35,10,5,7,4,1,10,1.0,1,0.35
105,106,3,"1, 2, 4, 5",1,1,0,1,1,0,3,"1, 2, 3, 4",4,4,5,1,5,4,4,2,5,4,1,1,1,0,0,,0,24,10,4,5,2,2,10,1.0,1,0.7000000000000001
106,107,3,"1, 2, 6",1,1,0,0,0,1,1,"1, 2, 3",3,4,4,2,5,4,4,4,5,4,1,1,1,0,0,,0,20,13,0,1,1,3,13,1.0,1,0.7000000000000001
107,108,2,"5, 6",0,0,0,0,1,1,3,"1, 2, 3, 4",4,3,4,5,5,5,5,5,4,4,2,1,1,1,0,,1,21,10,4,4,2,3,10,1.0,1,0.7000000000000001
108,109,3,"1, 4, 5, 6",1,0,0,1,1,1,2,"2, 3",2,5,5,5,5,5,5,5,5,5,1,1,0,0,0,1.0,0,24,9,4,1,2,4,9,3.0,1,0.8
109,110,3,"1, 2, 4, 6",1,1,0,1,0,1,2,"2, 3, 4",3,4,3,3,5,5,3,3,4,3,1,1,1,0,1,1.0,0,23,8,4,1,1,4,8,3.0,1,0.55
110,111,1,1,1,0,0,0,0,0,1,4,1,5,5,1,3,1,5,5,5,5,2,1,0,0,0,0.0,1,46,10,3,7,1,3,10,1.0,1,0.8
111,112,3,"1, 4, 5, 6",1,0,0,1,1,1,1,"2, 3, 4",3,1,4,3,5,3,4,4,4,1,1,1,1,0,0,0.0,0,27,10,4,5,2,1,10,1.0,1,0.5
112,113,3,6,0,0,0,0,0,1,2,1,1,4,4,3,3,5,5,5,5,5,1,1,1,0,1,0.0,0,24,10,4,4,2,1,13,1.0,1,0.8
113,114,2,"1, 2, 3, 5",1,1,1,0,1,0,4,"1, 2, 4",3,3,5,4,4,4,4,4,3,3,3,1,1,0,0,1.0,0,24,9,4,5,2,4,9,3.0,1,0.55
114,115,3,6,0,0,0,0,0,1,4,2,1,4,4,2,5,5,5,5,5,4,2,1,1,0,0,0.0,0,23,10,4,5,2,1,10,1.0,1,0.75
115,116,2,"1, 2, 6",1,1,0,0,0,1,4,"1, 2, 3, 4",4,5,5,1,4,5,2,4,4,4,1,1,0,0,0,,1,31,9,5,5,2,2,10,1.0,2,0.55
116,117,2,"2, 6",0,1,0,0,0,1,4,"1, 2, 3",3,2,5,4,5,5,5,1,4,1,1,1,1,0,0,,0,23,10,4,4,2,1,13,1.0,1,0.55
117,118,3,"1, 4, 5, 6",1,0,0,1,1,1,3,"2, 3",2,3,3,2,2,5,4,1,4,1,2,1,0,0,0,0.0,1,17,12,0,1,1,3,12,1.0,4,0.5
118,119,2,"1, 2, 4, 5, 6",1,1,0,1,1,1,2,"1, 2, 3, 4",4,5,3,1,4,4,3,1,4,5,1,1,1,0,0,,0,20,7,0,1,1,3,10,1.0,1,0.65
119,120,3,"1, 2, 5",1,1,0,0,1,0,1,"1, 2, 3, 4",4,5,4,2,5,1,1,3,3,2,1,1,1,0,0,,0,22,10,4,1,1,1,10,1.0,1,0.35000000000000003
120,121,3,"1, 6",1,0,0,0,0,1,4,"2, 3, 4",3,5,4,3,4,5,5,3,4,4,2,1,0,0,0,1.0,0,24,9,0,1,2,3,9,1.0,1,0.7000000000000001
121,122,3,"1, 2, 3, 4, 5, 6",1,1,1,1,1,1,4,"1, 2",2,3,4,2,3,4,4,3,4,3,1,1,1,0,0,1.0,0,24,14,4,4,2,1,13,1.0,1,0.6000000000000001
122,123,3,"1, 2, 4, 5",1,1,0,1,1,0,3,"1, 2, 3, 4",4,4,4,3,5,5,5,4,5,5,1,1,0,1,1,1.0,0,27,9,5,5,2,3,9,1.0,1,0.8
123,124,2,"1, 2, 4, 6",1,1,0,1,0,1,3,"2, 3, 4",3,3,5,2,5,4,5,3,4,2,1,1,1,0,0,,0,22,10,4,1,2,2,10,1.0,1,0.6000000000000001
124,125,3,"2, 3, 4, 5",0,1,1,1,1,0,3,2,1,3,3,3,5,4,2,3,4,5,3,1,1,1,0,1.0,0,20,8,0,1,1,1,10,1.0,1,0.6000000000000001
125,126,2,4,0,0,0,1,0,0,2,1,1,5,5,1,5,4,5,4,2,4,2,1,1,0,0,,1,27,8,5,5,2,3,8,1.0,1,0.6000000000000001
126,127,3,5,0,0,0,0,1,0,1,2,1,4,1,4,5,4,5,1,4,1,2,1,0,0,0,1.0,0,30,13,4,4,2,1,13,3.0,1,0.55
127,128,2,"1, 4, 6",1,0,0,1,0,1,2,3,1,3,4,4,4,5,5,3,5,3,1,1,1,0,0,1.0,0,22,1,0,1,1,3,10,1.0,1,0.7000000000000001
128,129,2,5,0,0,0,0,1,0,2,2,1,3,4,3,2,3,4,4,4,4,2,1,1,0,0,1.0,1,24,10,5,3,1,4,10,3.0,1,0.6500000000000001
129,130,3,"1, 2, 4, 6",1,1,0,1,0,1,2,2,1,3,4,2,2,4,4,3,4,3,1,1,1,0,0,,0,24,11,4,4,2,3,11,1.0,1,0.6000000000000001
130,131,3,"2, 4, 5, 6",0,1,0,1,1,1,4,"1, 2, 3, 4",4,5,5,2,5,5,5,4,5,3,1,1,1,0,0,,0,23,7,4,5,2,1,13,1.0,1,0.7000000000000001
131,132,3,"2, 4",0,1,0,1,0,0,3,"1, 3",2,2,3,3,5,4,3,2,3,3,2,1,0,0,0,0.0,0,20,13,0,1,1,1,13,1.0,1,0.49999999999999994
132,133,3,"1, 6",1,0,0,0,0,1,2,"1, 4",2,5,5,4,4,5,5,3,4,4,1,1,1,0,0,,0,22,9,3,1,1,4,9,3.0,1,0.7000000000000001
133,134,2,"1, 2, 4, 5, 6",1,1,0,1,1,1,4,"1, 2, 3, 4",4,5,5,3,5,2,5,4,5,4,1,1,1,0,0,1.0,0,40,14,5,7,3,3,14,1.0,1,0.75
134,135,3,"1, 4, 5, 6",1,0,0,1,1,1,1,"1, 2",2,5,5,4,5,5,4,3,5,4,2,1,0,1,0,,0,24,10,4,1,1,3,10,1.0,1,0.7000000000000001
135,136,3,"1, 2, 4, 5, 6",1,1,0,1,1,1,4,"1, 2, 3, 4",4,4,5,1,5,5,5,4,5,4,1,1,0,0,0,,0,23,10,4,7,2,2,10,,1,0.75
136,137,2,"1, 2, 5, 6",1,1,0,0,1,1,4,"1, 2, 3, 4",4,3,5,1,3,4,4,3,3,1,2,1,1,0,0,,0,22,10,4,5,2,4,10,3.0,4,0.44999999999999996
137,138,3,"2, 3, 4",0,1,1,1,0,0,2,1,1,3,5,4,4,3,4,1,3,3,2,1,1,0,0,1.0,0,24,10,4,7,2,1,10,1.0,1,0.55
138,139,3,"1, 2, 3, 4, 5, 6",1,1,1,1,1,1,2,"2, 4",2,4,3,4,4,4,5,3,3,4,1,1,0,0,0,0.0,1,17,13,4,1,1,1,13,1.0,1,0.6500000000000001
139,140,2,"1, 5",1,0,0,0,1,0,2,"2, 3, 4",3,3,3,3,4,4,5,3,3,3,1,1,0,0,0,,0,20,8,3,1,1,1,13,1.0,1,0.6000000000000001
140,141,1,6,0,0,0,0,0,1,2,3,1,1,1,1,3,5,1,1,1,1,2,1,1,0,0,0.0,1,34,13,4,4,2,1,13,1.0,4,0.2
141,142,2,"1, 2, 5",1,1,0,0,1,0,2,"1, 2, 3, 4",4,5,5,2,5,4,2,4,5,1,2,1,1,1,1,1.0,0,45,7,4,7,2,1,10,1.0,1,0.44999999999999996
142,143,3,"1, 2, 5, 6",1,1,0,0,1,1,3,"1, 2, 3, 4",4,3,5,5,5,5,5,3,4,1,1,1,0,0,0,,0,25,13,4,4,2,1,13,1.0,4,0.55
143,144,1,5,0,0,0,0,1,0,2,2,1,5,4,1,5,1,4,5,3,5,2,1,0,0,0,1.0,0,22,10,4,2,1,4,10,3.0,1,0.65
144,145,3,"1, 2, 5, 6",1,1,0,0,1,1,2,"2, 4",2,4,3,3,4,3,3,4,4,4,1,1,0,0,0,,0,35,13,6,5,2,1,13,1.0,1,0.6000000000000001
145,146,2,"1, 2, 4",1,1,0,1,0,0,3,"1, 2, 3, 4",4,4,4,3,4,3,3,2,3,3,1,1,0,0,0,,0,40,11,0,5,2,4,11,3.0,1,0.49999999999999994
146,147,2,"1, 2, 4, 5",1,1,0,1,1,0,2,"2, 3",2,5,5,3,5,4,3,3,4,4,1,1,1,0,0,0.0,0,37,11,5,4,4,1,13,1.0,1,0.6000000000000001
147,148,3,"1, 4, 5",1,0,0,1,1,0,4,"1, 2, 3, 4",4,4,4,1,4,4,5,1,4,1,1,1,0,0,0,0.0,1,24,8,4,1,1,3,10,1.0,1,0.55
148,149,3,"1, 2, 3, 4, 5",1,1,1,1,1,0,2,"1, 2, 3, 4",4,5,5,5,5,4,4,5,2,1,1,1,1,0,0,,1,32,13,5,6,2,1,10,1.0,4,0.4
149,150,2,"1, 2, 4, 5, 6",1,1,0,1,1,1,2,"1, 2, 3, 4",4,4,4,1,5,4,4,4,5,4,1,1,1,1,0,,0,24,1,4,4,2,1,13,1.0,1,0.7000000000000001
150,151,3,"2, 3, 4, 5, 6",0,1,1,1,1,1,2,"2, 3, 4",3,4,5,3,4,5,4,4,3,3,1,1,1,0,0,,0,19,8,0,1,1,1,8,1.0,1,0.55
151,152,2,"2, 6",0,1,0,0,0,1,2,"1, 2, 3, 4",4,5,4,1,3,5,3,1,3,3,1,1,0,1,1,1.0,1,35,10,4,5,2,1,8,1.0,1,0.49999999999999994
152,153,2,1,1,0,0,0,0,0,3,2,1,5,4,4,5,2,4,1,2,4,3,1,1,0,0,1.0,0,26,10,5,5,2,1,10,1.0,1,0.55
153,154,3,6,0,0,0,0,0,1,2,"1, 2, 3, 4",4,4,5,3,1,4,4,1,4,3,1,1,0,0,0,1.0,0,27,8,4,4,2,1,13,1.0,1,0.6000000000000001
154,155,3,1,1,0,0,0,0,0,3,4,1,3,5,3,4,4,5,2,4,1,2,1,0,0,0,1.0,0,24,10,4,7,2,1,10,1.0,4,0.55
155,156,3,5,0,0,0,0,1,0,2,3,1,5,1,1,5,1,5,1,1,1,2,1,1,0,0,0.0,1,50,13,6,7,5,1,13,1.0,4,0.39999999999999997
156,157,3,"1, 2, 3, 4, 5, 6",1,1,1,1,1,1,3,"1, 2, 3",3,5,4,2,5,2,2,1,4,5,1,1,1,0,0,1.0,0,25,13,5,7,4,1,13,1.0,4,0.6000000000000001
157,158,3,6,0,0,0,0,0,1,4,"1, 2, 3, 4",4,4,2,1,3,5,5,1,5,1,2,1,0,0,0,1.0,0,24,10,4,7,5,1,10,1.0,1,0.6000000000000001
158,159,3,"1, 2, 4",1,1,0,1,0,0,4,"1, 2, 3, 4",4,4,4,4,4,5,5,3,3,4,1,1,1,0,0,,0,25,13,5,1,2,1,13,1.0,1,0.6500000000000001
159,160,3,6,0,0,0,0,0,1,2,2,1,4,5,5,4,3,5,4,4,5,"1, 3",2,1,1,0,1.0,0,24,8,4,1,2,4,8,3.0,1,0.7999999999999999
160,161,2,"2, 4, 5, 6",0,1,0,1,1,1,3,"2, 3",2,5,5,1,5,5,5,3,4,5,2,1,1,0,0,0.0,0,22,10,4,1,1,1,10,1.0,1,0.75
161,162,3,"1, 4",1,0,0,1,0,0,3,"1, 2, 4",3,5,2,4,4,5,4,2,2,2,1,1,1,0,0,1.0,0,25,8,4,5,2,4,8,3.0,1,0.45
162,163,2,"1, 2, 4",1,1,0,1,0,0,3,"2, 3",2,3,4,1,4,4,5,1,1,1,2,1,0,0,0,0.0,0,26,10,5,5,2,3,10,1.0,1,0.39999999999999997
163,164,3,"1, 5, 6",1,0,0,0,1,1,2,"2, 3, 4",3,3,2,1,4,4,4,1,4,1,1,1,1,0,0,,1,20,1,0,1,1,2,9,1.0,4,0.5
164,165,1,2,0,1,0,0,0,0,3,"1, 2, 3, 4",4,2,4,2,1,1,5,1,1,3,2,1,0,0,0,0.0,1,27,13,4,4,3,1,13,1.0,1,0.49999999999999994
165,166,2,"1, 2, 5",1,1,0,0,1,0,1,"1, 2, 3, 4",4,5,5,4,5,3,5,3,3,1,1,1,0,0,0,1.0,0,28,13,4,4,2,1,13,1.0,1,0.5
166,167,1,"1, 2, 5",1,1,0,0,1,0,1,"2, 4",2,5,5,3,5,3,4,5,5,5,3,1,1,0,0,1.0,0,34,10,5,5,2,1,10,1.0,1,0.75
167,168,3,"1, 2, 3, 4, 5, 6",1,1,1,1,1,1,4,"2, 3, 4",3,5,5,4,5,4,5,5,5,5,1,1,1,0,0,0.0,1,22,10,0,1,1,1,10,1.0,1,0.8
168,169,2,"1, 2, 5",1,1,0,0,1,0,1,"2, 3, 4",3,3,4,2,3,3,2,4,4,3,1,1,0,0,0,,0,22,10,4,1,1,1,10,1.0,1,0.5000000000000001
169,170,3,6,0,0,0,0,0,1,2,3,1,3,3,3,4,3,3,3,4,3,2,1,1,0,0,1.0,1,22,10,4,4,2,4,10,3.0,1,0.55
170,171,1,"1, 5",1,0,0,0,1,0,2,3,1,5,4,3,5,3,3,3,4,3,2,1,0,0,0,0.0,1,35,13,2,3,1,1,13,1.0,1,0.55
171,172,3,"1, 2, 5",1,1,0,0,1,0,2,"1, 2, 3, 4",4,1,5,2,2,4,4,1,1,1,2,1,0,0,0,0.0,1,35,10,4,7,4,1,10,1.0,1,0.35
172,173,2,"1, 4",1,0,0,1,0,0,2,"1, 2",2,3,5,1,3,3,4,1,3,3,2,1,0,0,0,0.0,0,24,12,4,5,2,3,12,1.0,4,0.55
173,174,2,"1, 2, 3, 4, 5",1,1,1,1,1,0,2,"1, 2, 3, 4",4,5,5,5,5,1,1,4,5,5,3,1,1,0,0,,0,28,10,5,5,2,4,10,3.0,4,0.6000000000000001
174,175,3,"1, 2, 6",1,1,0,0,0,1,2,"1, 2, 3, 4",4,4,4,1,5,5,4,4,3,4,3,1,0,0,0,,1,47,13,5,1,2,1,13,1.0,4,0.6000000000000001
175,176,3,"1, 2, 4, 5, 6",1,1,0,1,1,1,3,"1, 2, 3, 4",4,3,4,1,3,5,4,1,3,2,1,1,0,0,0,0.0,0,19,13,0,1,1,1,13,1.0,1,0.49999999999999994
176,177,2,"3, 4, 5",0,0,1,1,1,0,4,"1, 2",2,4,5,4,5,3,5,3,3,3,1,1,0,0,0,0.0,1,23,10,4,2,1,1,10,1.0,1,0.6000000000000001
177,178,3,"1, 2, 5",1,1,0,0,1,0,1,"1, 2, 3",3,3,1,1,5,1,1,4,4,1,2,1,0,0,0,0.0,0,21,2,4,4,2,3,2,2.0,1,0.35
178,179,1,"1, 2, 3, 4, 5, 6",1,1,1,1,1,1,1,4,1,5,5,4,5,4,4,1,4,4,1,1,0,0,0,,0,43,10,4,2,1,1,10,1.0,1,0.6500000000000001
179,180,2,"1, 2, 4, 5",1,1,0,1,1,0,3,3,1,4,4,4,4,1,5,1,4,1,1,1,0,0,0,1.0,0,23,10,4,7,3,3,10,1.0,1,0.55
180,181,2,1,1,0,0,0,0,0,2,"1, 2, 3, 4",4,5,3,3,4,4,2,3,4,1,1,1,0,0,1,0.0,0,18,10,3,1,1,1,10,1.0,4,0.4
181,182,1,5,0,0,0,0,1,0,2,2,1,5,5,5,5,4,5,3,3,3,2,1,0,0,0,0.0,0,61,9,3,2,1,3,10,1.0,2,0.6000000000000001
182,183,3,"1, 2, 3, 4, 5, 6",1,1,1,1,1,1,3,"3, 4",2,3,5,5,3,5,5,2,3,1,2,1,0,0,0,0.0,0,24,8,4,2,2,3,8,1.0,1,0.5
183,184,3,"1, 2, 3, 5, 6",1,1,1,0,1,1,3,"1, 2, 3, 4",4,4,5,3,4,5,3,4,4,4,1,1,1,1,0,1.0,1,21,10,3,1,2,1,10,1.0,1,0.6000000000000001
184,185,3,6,0,0,0,0,0,1,1,4,1,4,4,1,4,5,5,3,4,4,1,1,0,1,0,,0,23,10,0,1,1,3,10,1.0,1,0.7000000000000001
185,186,2,"1, 2",1,1,0,0,0,0,1,"1, 2",2,3,4,1,3,3,1,1,3,1,2,1,0,0,0,,0,22,7,0,7,1,3,7,2.0,1,0.3
186,187,3,"1, 2, 4, 6",1,1,0,1,0,1,3,"1, 2, 3, 4",4,3,4,2,5,4,5,3,5,3,2,1,1,0,0,1.0,0,23,8,4,1,1,1,10,1.0,1,0.7000000000000001
187,188,1,"1, 2, 4, 5, 6",1,1,0,1,1,1,1,2,1,4,5,4,5,4,4,4,5,5,1,1,0,0,0,0.0,0,57,13,6,5,2,1,13,1.0,1,0.75
188,189,3,"1, 2, 4, 5",1,1,0,1,1,0,2,"1, 2, 3",3,1,2,4,4,3,5,2,4,1,2,1,0,0,0,0.0,1,17,10,3,1,1,3,10,1.0,1,0.55
189,190,2,6,0,0,0,0,0,1,2,2,1,3,4,4,5,4,3,3,3,2,1,1,1,1,0,1.0,0,24,13,5,1,2,1,13,1.0,1,0.45
190,191,3,"1, 2, 6",1,1,0,0,0,1,2,"2, 4",2,5,5,1,4,5,1,1,3,1,1,1,0,0,1,,1,36,9,4,5,2,3,7,2.0,3,0.3
191,192,3,"1, 2, 4, 6",1,1,0,1,0,1,2,"2, 3, 4",3,4,5,3,4,5,5,3,3,3,1,1,1,0,0,0.0,0,20,10,0,1,2,4,10,3.0,1,0.6000000000000001
192,193,3,6,0,0,0,0,0,1,3,3,1,4,4,2,4,5,4,1,2,1,1,1,0,0,0,,0,28,10,5,5,2,4,10,,1,0.4
193,194,3,"1, 2, 4, 5, 6",1,1,0,1,1,1,2,"1, 2, 3, 4",4,3,5,4,5,5,5,5,5,1,1,1,1,1,1,1.0,0,25,8,4,1,1,3,8,1.0,1,0.6000000000000001
194,195,3,"1, 2, 4, 5",1,1,0,1,1,0,2,"1, 2, 4",3,4,5,5,5,5,5,5,5,5,1,1,1,1,1,1.0,0,31,11,4,7,2,4,11,3.0,1,0.8
195,196,2,"1, 2, 4, 5",1,1,0,1,1,0,4,"2, 3, 4",3,4,4,1,4,4,4,5,5,5,1,1,1,0,0,0.0,0,27,8,5,5,2,4,8,3.0,1,0.75
196,197,3,6,0,0,0,0,0,1,2,"2, 3",2,3,1,1,1,5,5,1,3,1,1,1,0,0,0,,1,21,13,0,1,1,1,13,1.0,1,0.5
197,198,3,1,1,0,0,0,0,0,1,2,1,4,5,4,5,5,5,5,5,3,1,1,0,0,0,0.0,0,29,10,0,5,2,3,10,1.0,1,0.7000000000000001
198,199,3,"1, 2, 4, 5",1,1,0,1,1,0,2,2,1,5,4,1,5,4,3,1,1,1,"4, 2",2,0,0,0,1.0,0,20,13,4,1,1,1,13,1.0,1,0.35
199,200,3,"2, 5, 6",0,1,0,0,1,1,3,"2, 3",2,4,5,2,5,5,4,4,3,3,1,1,1,0,0,,0,23,10,4,1,2,1,10,1.0,1,0.55
200,201,3,"1, 2",1,1,0,0,0,0,2,"2, 3",2,5,5,5,5,5,4,4,5,5,3,1,0,0,0,1.0,0,39,10,4,5,1,1,10,1.0,3,0.75
201,202,3,"1, 5",1,0,0,0,1,0,1,"1, 2, 3",3,4,2,1,5,2,1,2,2,1,2,1,0,0,0,0.0,0,50,7,5,7,5,1,13,1.0,4,0.25
202,203,3,"2, 4, 5, 6",0,1,0,1,1,1,1,3,1,4,5,3,5,5,5,4,4,4,3,1,1,0,0,0.0,0,16,2,3,1,1,3,2,2.0,1,0.7000000000000001
203,204,3,"1, 2, 4, 5, 6",1,1,0,1,1,1,1,"1, 2, 3",3,5,5,3,5,4,5,5,5,5,"1, 3",2,0,0,0,,0,38,13,4,4,4,1,13,1.0,1,0.85
204,205,3,1,1,0,0,0,0,0,3,"1, 2, 3",3,4,4,2,4,4,4,1,3,2,2,1,1,1,1,1.0,0,28,10,4,4,2,1,10,1.0,1,0.49999999999999994
205,206,3,"1, 2, 3, 4",1,1,1,1,0,0,2,"1, 3",2,4,5,4,4,5,3,1,5,3,2,1,0,0,0,,1,31,9,4,7,2,4,9,3.0,2,0.6000000000000001
206,207,2,"1, 4, 5",1,0,0,1,1,0,1,3,1,5,1,1,1,1,2,1,4,1,2,1,1,0,0,1.0,1,25,13,3,5,1,3,13,3.0,4,0.4
207,208,3,"1, 2, 3, 4, 5, 6",1,1,1,1,1,1,2,"1, 2, 3, 4",4,4,5,4,5,5,4,3,4,3,1,1,1,0,0,0.0,0,23,1,4,7,4,1,10,1.0,1,0.6000000000000001
208,209,3,"1, 2, 3, 5",1,1,1,0,1,0,3,"1, 2, 3, 4",4,5,5,4,4,4,4,4,5,4,1,1,1,0,0,,0,24,1,4,5,4,1,13,1.0,1,0.7000000000000001
209,210,3,"1, 2, 4, 5",1,1,0,1,1,0,1,3,1,5,5,4,4,4,4,1,1,1,2,1,0,0,0,0.0,0,40,13,4,2,2,1,13,1.0,2,0.35
210,211,3,"1, 2, 4, 5, 6",1,1,0,1,1,1,2,"1, 2, 3, 4",4,3,5,1,5,3,3,1,3,1,1,1,0,0,0,,0,28,8,4,5,2,3,3,2.0,4,0.39999999999999997
211,212,1,"1, 2",1,1,0,0,0,0,2,2,1,5,5,4,4,5,3,3,4,3,2,1,0,0,0,1.0,1,50,10,6,5,2,1,10,1.0,4,0.55
212,213,3,5,0,0,0,0,1,0,3,3,1,4,4,5,5,4,5,1,3,4,2,1,1,0,0,0.0,0,23,8,4,4,2,1,10,1.0,1,0.6500000000000001
213,214,3,"1, 3, 4, 5, 6",1,0,1,1,1,1,4,"2, 3",2,4,1,4,4,4,3,4,4,4,1,1,1,0,0,1.0,1,16,13,3,1,1,3,13,1.0,1,0.6000000000000001
214,215,2,6,0,0,0,0,0,1,2,"2, 3",2,2,4,4,3,5,4,1,2,1,2,1,0,0,0,0.0,0,23,10,5,1,1,2,10,1.0,1,0.4
215,216,3,"1, 2, 4, 5, 6",1,1,0,1,1,1,2,"1, 2, 3, 4",4,3,3,2,5,4,5,4,3,3,2,1,0,0,0,0.0,1,24,10,0,1,1,1,10,1.0,1,0.6000000000000001
216,217,2,"1, 5",1,0,0,0,1,0,1,"1, 2",2,5,1,1,4,2,1,2,4,1,1,1,0,0,0,,0,30,10,4,5,2,2,10,3.0,1,0.35
217,218,3,"1, 2, 4, 5, 6",1,1,0,1,1,1,4,"2, 3, 4",3,3,4,2,3,5,3,1,3,1,1,1,0,0,0,,1,18,7,0,1,1,4,7,4.0,3,0.39999999999999997
218,219,3,"1, 2, 3, 4, 5",1,1,1,1,1,0,3,"1, 2, 3, 4",4,4,4,4,5,4,5,4,5,5,1,1,1,0,0,0.0,1,23,10,4,1,2,3,10,1.0,4,0.8
219,220,3,6,0,0,0,0,0,1,2,"1, 2, 3",3,4,4,1,4,5,4,4,4,4,1,1,0,1,0,1.0,0,26,12,4,7,4,3,12,1.0,1,0.6500000000000001
220,221,3,"1, 4, 5",1,0,0,1,1,0,0,"2, 3",2,5,2,1,3,4,3,4,2,1,2,1,0,0,0,,0,26,10,5,5,2,1,10,1.0,1,0.35
221,222,3,"1, 2, 5",1,1,0,0,1,0,2,"1, 2, 4",3,4,4,1,4,5,1,4,3,3,1,1,0,0,0,,0,36,8,4,5,2,3,10,1.0,1,0.39999999999999997
222,223,2,"1, 2, 4, 5, 6",1,1,0,1,1,1,3,"1, 2, 3, 4",4,5,5,2,5,4,4,2,4,4,1,1,0,0,0,,0,33,14,4,4,5,1,13,1.0,1,0.6500000000000001
223,224,3,6,0,0,0,0,0,1,2,3,1,4,1,1,4,5,4,1,4,4,1,1,0,0,0,0.0,1,33,9,4,7,5,4,3,4.0,1,0.6500000000000001
224,225,3,"1, 2, 3, 4, 5",1,1,1,1,1,0,2,"1, 2, 4",3,4,4,4,5,1,4,5,4,4,"1, 3",2,1,1,0,0.0,1,36,10,3,7,3,1,10,1.0,1,0.7000000000000001
225,226,1,"1, 2, 4, 5",1,1,0,1,1,0,1,"1, 2, 3, 4",4,5,3,1,3,3,2,5,5,5,1,1,1,1,0,0.0,1,21,1,4,7,2,3,10,1.0,1,0.65
226,227,2,"1, 5, 6",1,0,0,0,1,1,1,"1, 2, 3, 4",4,5,1,1,1,5,1,3,3,3,2,1,1,0,0,,1,35,13,5,4,5,1,13,1.0,4,0.39999999999999997
227,228,2,"1, 2, 5",1,1,0,0,1,0,3,"1, 2, 3",3,3,4,1,4,5,1,1,4,1,1,1,1,0,0,,0,23,10,4,7,2,1,10,,1,0.35
228,229,3,6,0,0,0,0,0,1,2,3,1,2,1,1,4,5,1,1,1,4,1,1,0,0,0,1.0,1,40,13,4,7,2,1,13,1.0,4,0.35000000000000003
229,230,3,6,0,0,0,0,0,1,4,"1, 2, 3, 4",4,3,3,2,4,5,3,3,4,4,1,1,1,0,0,,0,30,10,5,5,2,3,7,2.0,4,0.6000000000000001
230,231,2,"1, 2",1,1,0,0,0,0,3,4,1,5,4,4,1,2,2,3,4,1,1,1,1,0,0,,0,21,8,0,1,1,3,8,1.0,1,0.4
231,232,2,"1, 2, 3, 4, 5, 6",1,1,1,1,1,1,2,"1, 2, 3, 4",4,3,2,4,4,5,4,3,3,3,1,1,1,0,0,,1,28,10,4,4,2,1,10,1.0,1,0.55
232,233,3,"1, 2, 4, 6",1,1,0,1,0,1,3,"2, 3",2,4,3,1,4,5,5,1,3,3,1,1,1,0,0,,1,21,5,0,4,2,3,5,2.0,1,0.6000000000000001
233,234,3,"1, 2, 5, 6",1,1,0,0,1,1,1,"2, 3, 4",3,2,2,1,4,2,4,2,4,1,2,1,0,0,0,,0,23,13,3,1,1,1,13,1.0,4,0.5
234,235,2,"1, 2, 6",1,1,0,0,0,1,3,"1, 2, 3, 4",4,3,5,1,4,4,4,3,3,4,2,1,1,0,0,,0,22,10,5,1,1,3,10,1.0,1,0.6000000000000001
235,236,2,"1, 2, 5, 6",1,1,0,0,1,1,2,2,1,3,5,1,5,5,1,1,1,1,2,1,1,0,0,,0,27,10,5,5,2,1,10,3.0,1,0.2
236,237,1,"1, 2, 5",1,1,0,0,1,0,1,"2, 3",2,5,5,1,5,2,2,1,4,2,2,1,0,0,0,,0,44,6,5,5,2,1,13,1.0,1,0.45
237,238,3,"1, 2, 4, 5, 6",1,1,0,1,1,1,4,"2, 3",2,5,5,3,4,4,5,4,4,3,2,1,1,1,1,0.0,0,22,5,4,1,1,3,1,2.0,1,0.65
238,239,2,1,1,0,0,0,0,0,2,2,1,2,2,1,5,1,1,2,4,4,1,1,0,0,0,0.0,0,45,10,5,5,2,3,8,1.0,1,0.5
239,240,3,6,0,0,0,0,0,1,3,2,1,4,5,1,4,5,5,1,3,1,2,1,0,0,0,,0,24,10,4,3,2,1,10,1.0,1,0.5
240,241,3,"1, 2, 3, 4, 5, 6",1,1,1,1,1,1,2,"1, 2, 3, 4",4,5,4,4,5,4,4,4,4,3,2,1,1,0,0,0.0,0,37,13,5,5,2,3,5,2.0,1,0.6000000000000001
241,242,1,"1, 4",1,0,0,1,0,0,1,"1, 2, 3, 4",4,4,4,1,5,1,5,4,4,4,1,1,1,0,0,0.0,1,24,5,4,7,3,3,14,1.0,1,0.7000000000000001
242,243,1,"2, 4, 5",0,1,0,1,1,0,2,"1, 2, 3, 4",4,4,4,4,4,4,4,4,4,4,1,1,0,0,0,1.0,0,25,13,5,4,2,1,13,1.0,1,0.6500000000000001
243,244,3,"1, 2, 4, 5, 6",1,1,0,1,1,1,4,"2, 3",2,1,5,1,2,5,4,1,4,1,2,1,0,0,0,0.0,0,29,13,4,5,2,1,3,2.0,4,0.5
244,245,2,"1, 2, 3, 4, 5, 6",1,1,1,1,1,1,3,"2, 3, 4",3,5,5,4,5,5,5,5,5,5,1,1,0,0,0,1.0,0,35,13,4,4,4,1,13,1.0,1,0.8
245,246,3,4,0,0,0,1,0,0,3,4,1,3,3,3,5,5,4,4,4,4,1,1,1,0,0,,1,34,9,4,5,2,3,11,1.0,1,0.6500000000000001
246,247,3,"1, 5, 6",1,0,0,0,1,1,3,4,1,5,5,5,2,5,5,5,5,5,3,1,1,0,0,1.0,1,25,10,4,5,2,4,10,3.0,1,0.8
247,248,1,"1, 5, 6",1,0,0,0,1,1,2,"1, 3, 4",3,4,3,3,5,4,4,4,5,4,1,1,1,1,0,1.0,1,28,10,4,7,2,4,10,3.0,1,0.7000000000000001
248,249,3,"1, 2, 4, 6",1,1,0,1,0,1,3,"1, 2, 3, 4",4,1,5,3,4,4,5,4,4,4,1,1,1,0,0,,1,28,10,5,5,2,3,9,1.0,1,0.7000000000000001
249,250,3,"1, 6",1,0,0,0,0,1,2,"2, 3, 4",3,3,4,3,3,5,2,2,3,2,1,1,0,0,0,,0,20,10,3,1,1,3,10,1.0,1,0.39999999999999997
250,251,3,"1, 2, 6",1,1,0,0,0,1,2,"1, 3",2,4,4,1,4,4,3,4,4,4,3,1,1,1,1,1.0,0,35,10,5,3,5,4,2,4.0,1,0.6000000000000001
251,252,2,"1, 2, 4, 6",1,1,0,1,0,1,4,"1, 2, 3, 4",4,3,3,1,5,5,5,1,3,1,1,1,1,1,0,0.0,1,38,10,4,7,4,3,10,1.0,4,0.5
252,253,3,"1, 2, 6",1,1,0,0,0,1,2,"1, 2, 3, 4",4,4,5,1,5,5,1,1,4,1,1,1,1,0,0,,0,24,9,4,4,2,1,10,1.0,1,0.35
253,254,3,"1, 2, 4, 5, 6",1,1,0,1,1,1,3,"2, 3, 4",3,4,4,4,4,5,4,4,5,5,2,1,0,0,0,0.0,1,36,8,4,5,2,3,8,2.0,4,0.75
254,255,3,"1, 2, 4, 5, 6",1,1,0,1,1,1,3,"2, 3, 4",3,3,4,2,4,5,4,2,3,3,1,1,0,0,1,0.0,1,32,10,5,4,3,1,10,1.0,1,0.55
255,256,3,"1, 2",1,1,0,0,0,0,2,"1, 2, 3, 4",4,4,4,3,5,5,5,2,5,4,2,1,1,1,0,,0,23,1,4,4,2,3,1,2.0,1,0.75
256,257,2,"1, 2, 6",1,1,0,0,0,1,3,"1, 2, 4",3,3,3,4,3,5,5,3,1,3,"1, 2",2,0,0,0,1.0,1,27,10,4,6,2,1,8,1.0,4,0.5499999999999999
257,258,3,"1, 2",1,1,0,0,0,0,1,"1, 2, 3, 4",4,4,5,1,3,4,1,1,3,1,2,1,1,0,0,1.0,0,30,10,4,4,2,2,10,2.0,1,0.3
258,259,3,"1, 2, 4, 5, 6",1,1,0,1,1,1,2,"1, 2, 3",3,4,5,2,3,3,3,3,3,3,1,1,0,0,0,1.0,0,50,9,4,5,2,2,10,1.0,1,0.49999999999999994
259,260,2,"1, 2, 5, 6",1,1,0,0,1,1,2,"2, 3, 4",3,4,5,3,4,4,4,5,4,4,2,1,1,0,0,0.0,0,45,7,5,5,2,1,13,4.0,3,0.6500000000000001
260,261,2,"1, 2, 3, 4, 5",1,1,1,1,1,0,2,2,1,5,5,5,4,1,4,4,5,5,1,1,1,1,0,1.0,0,43,8,4,5,2,4,8,3.0,1,0.75
261,262,3,"1, 2",1,1,0,0,0,0,3,"1, 2, 3, 4",4,3,5,3,5,3,3,3,5,1,1,1,0,0,0,0.0,0,19,2,0,1,1,3,2,2.0,4,0.5
262,263,2,"2, 5, 6",0,1,0,0,1,1,4,"2, 3, 4",3,2,5,3,2,4,4,3,2,3,1,1,1,0,1,0.0,0,56,7,4,4,2,1,10,1.0,3,0.5000000000000001
263,264,1,"1, 2, 5",1,1,0,0,1,0,2,"2, 4",2,5,5,1,5,2,4,5,5,4,2,1,1,0,0,1.0,0,58,8,6,5,2,1,10,1.0,1,0.7000000000000001
264,265,2,"1, 2, 5",1,1,0,0,1,0,4,"2, 3",2,1,4,2,5,3,2,1,5,1,2,1,0,0,0,0.0,1,22,9,4,1,1,3,9,1.0,1,0.44999999999999996
265,266,2,"1, 4, 5, 6",1,0,0,1,1,1,4,"2, 3, 4",3,5,3,3,5,5,5,4,4,4,3,1,1,0,0,0.0,1,46,13,4,5,3,3,10,1.0,1,0.7000000000000001
266,267,3,6,0,0,0,0,0,1,1,1,1,3,4,1,4,4,5,4,4,2,2,1,0,0,0,1.0,0,26,13,4,5,2,2,13,3.0,2,0.6000000000000001
267,268,3,"1, 2, 4, 5, 6",1,1,0,1,1,1,1,"1, 2, 3, 4",4,3,4,2,4,4,4,3,4,3,2,1,1,0,0,,1,20,12,0,1,1,1,13,1.0,1,0.6000000000000001
268,269,3,"1, 4, 5",1,0,0,1,1,0,1,"1, 2, 4",3,2,3,1,5,1,1,1,5,1,1,1,1,1,1,0.0,1,24,11,4,7,2,3,11,2.0,1,0.39999999999999997
269,270,3,3,0,0,1,0,0,0,2,2,1,4,5,5,4,4,4,5,4,4,2,1,0,0,0,1.0,1,45,10,6,5,2,1,7,1.0,1,0.6500000000000001
270,271,3,"1, 2, 4, 6",1,1,0,1,0,1,3,"1, 2, 3, 4",4,4,5,1,4,5,5,4,4,4,1,1,1,0,0,,0,35,10,5,5,2,1,13,1.0,1,0.7000000000000001
271,272,2,"1, 2, 5, 6",1,1,0,0,1,1,3,"1, 2, 3, 4",4,4,5,1,4,5,5,4,4,4,1,1,1,0,0,1.0,0,27,10,4,4,2,3,10,1.0,1,0.7000000000000001
272,273,3,"1, 2, 3, 4, 6",1,1,1,1,0,1,3,"2, 3, 4",3,5,5,4,5,5,4,4,4,5,3,1,1,1,0,1.0,0,25,9,4,5,2,4,9,3.0,1,0.7000000000000001
273,274,1,"1, 2",1,1,0,0,0,0,2,1,1,3,3,3,3,3,3,3,4,4,2,1,0,0,0,0.0,1,38,10,5,7,5,1,10,1.0,4,0.6000000000000001
274,275,2,"5, 6",0,0,0,0,1,1,4,"1, 2",2,3,3,4,4,2,2,2,3,3,1,1,0,0,0,0.0,0,40,7,5,5,2,3,7,2.0,3,0.45
275,276,2,"1, 4, 5, 6",1,0,0,1,1,1,4,"2, 3, 4",3,5,5,4,5,2,3,1,5,1,2,1,1,0,0,0.0,1,19,10,3,1,1,1,10,1.0,4,0.5
276,277,3,6,0,0,0,0,0,1,3,"3, 4",2,4,4,5,4,5,5,3,1,1,2,1,0,0,0,0.0,0,23,8,5,1,1,3,8,1.0,1,0.39999999999999997
277,278,2,"1, 5",1,0,0,0,1,0,4,"1, 2, 3, 4",4,5,4,3,5,4,2,2,3,2,1,1,1,0,0,,1,40,6,4,4,4,1,13,1.0,4,0.39999999999999997
278,279,2,"1, 2, 6",1,1,0,0,0,1,3,"1, 2, 4",3,4,5,3,4,5,3,1,3,1,1,1,1,0,0,,1,30,8,5,6,2,3,10,1.0,4,0.39999999999999997
279,280,2,"1, 2, 4, 5",1,1,0,1,1,0,2,"1, 2, 3",3,3,3,3,2,4,4,2,2,2,2,1,0,0,0,,0,32,14,4,4,5,1,13,1.0,1,0.45
280,281,3,1,1,0,0,0,0,0,3,"1, 2, 3, 4",4,5,4,4,5,4,4,3,5,5,3,1,1,1,0,1.0,1,30,10,5,5,2,1,10,1.0,1,0.75
281,282,3,"1, 2, 3, 5, 6",1,1,1,0,1,1,3,"1, 2, 3, 4",4,5,5,5,4,2,2,3,4,2,"1, 2",2,1,0,0,,1,24,10,4,7,1,1,10,1.0,1,0.5
282,283,2,"1, 5",1,0,0,0,1,0,2,"1, 2, 3, 4",4,3,4,1,3,2,3,5,4,1,1,1,0,0,0,0.0,0,16,5,3,1,1,2,10,1.0,2,0.44999999999999996
283,284,3,2,0,1,0,0,0,0,2,3,1,4,5,4,4,4,4,4,4,4,2,1,0,0,0,1.0,1,45,10,6,5,2,1,7,1.0,1,0.6500000000000001
284,285,2,"1, 2, 4, 5",1,1,0,1,1,0,2,"1, 2, 4",3,4,4,1,5,1,1,4,5,3,2,1,1,0,0,0.0,0,42,2,4,5,2,3,2,2.0,4,0.49999999999999994
285,286,3,"1, 5",1,0,0,0,1,0,2,"1, 2, 3, 4",4,5,4,1,5,4,1,1,1,1,2,1,1,0,0,0.0,0,25,9,5,7,2,1,9,1.0,4,0.2
286,287,2,6,0,0,0,0,0,1,3,2,1,3,4,2,4,5,4,3,4,2,1,1,0,0,0,1.0,0,24,10,4,5,2,3,10,1.0,1,0.55
287,288,3,"1, 2, 4, 5, 6",1,1,0,1,1,1,2,"1, 2, 3, 4",4,5,4,2,4,4,2,4,4,4,1,1,1,0,0,1.0,1,27,10,4,7,2,1,10,1.0,1,0.55
288,289,2,"1, 2, 5",1,1,0,0,1,0,4,"1, 2, 3, 4",4,5,5,5,4,4,4,5,5,5,"3, 4, 2",3,1,1,1,1.0,1,30,5,4,7,2,3,5,2.0,3,0.85
289,290,3,"1, 6",1,0,0,0,0,1,3,"2, 3",2,3,3,2,5,4,4,3,4,4,1,1,1,0,0,,0,23,13,4,1,1,3,13,1.0,1,0.6500000000000001
290,291,1,1,1,0,0,0,0,0,1,2,1,3,2,1,5,1,5,3,4,1,2,1,0,0,0,,1,37,7,5,7,2,1,7,1.0,4,0.55
291,292,2,"1, 2, 5",1,1,0,0,1,0,1,"1, 3, 4",3,5,4,2,5,2,1,3,4,4,1,1,1,0,0,,0,60,10,4,7,5,1,10,1.0,1,0.5
292,293,3,"1, 2, 4, 5, 6",1,1,0,1,1,1,2,"1, 2, 3, 4",4,3,4,1,3,3,3,3,1,1,1,1,1,0,0,0.0,0,37,2,5,5,2,1,13,1.0,1,0.3
293,294,2,"1, 2, 4",1,1,0,1,0,0,4,"1, 2, 3",3,4,4,1,4,4,4,3,3,4,1,1,1,0,0,0.0,0,30,9,6,5,4,5,9,,1,0.6000000000000001
294,295,3,"1, 6",1,0,0,0,0,1,2,"2, 3",2,2,2,1,1,5,3,1,1,1,1,1,0,0,0,,1,24,10,4,1,1,1,10,1.0,4,0.3
295,296,2,2,0,1,0,0,0,0,2,2,1,4,5,4,5,4,4,3,4,4,1,1,1,0,0,0.0,0,27,8,5,7,2,4,8,3.0,1,0.6500000000000001
296,297,3,1,1,0,0,0,0,0,1,"2, 3",2,5,3,3,5,4,2,5,5,4,3,1,0,0,0,,1,34,14,4,1,1,1,13,1.0,4,0.6000000000000001
297,298,3,"1, 2, 5, 6",1,1,0,0,1,1,3,"2, 3",2,4,4,1,3,4,2,1,1,1,2,1,1,0,0,0.0,0,24,9,5,4,2,3,9,1.0,1,0.25
298,299,2,"1, 2, 4, 5",1,1,0,1,1,0,2,"2, 3, 4",3,5,5,2,5,2,3,4,4,4,1,1,1,0,0,0.0,0,52,1,6,5,2,1,10,1.0,1,0.6000000000000001
299,300,3,"4, 6",0,0,0,1,0,1,3,"3, 4",2,4,4,4,5,5,5,4,4,4,1,1,0,0,0,1.0,0,23,3,5,1,2,3,3,2.0,1,0.7000000000000001
300,301,2,"2, 6",0,1,0,0,0,1,1,"2, 3, 4",3,4,5,1,4,4,1,4,4,1,2,1,0,0,0,0.0,0,42,10,4,5,2,4,10,3.0,1,0.35
301,302,3,"4, 5, 6",0,0,0,1,1,1,2,"1, 2",2,3,4,2,2,5,5,4,1,1,2,1,0,0,0,,0,30,13,5,4,3,1,13,1.0,1,0.39999999999999997
302,303,3,6,0,0,0,0,0,1,3,3,1,4,5,4,4,5,4,3,4,3,1,1,1,0,0,0.0,1,20,1,0,1,1,3,1,2.0,1,0.6000000000000001
303,304,3,"1, 2",1,1,0,0,0,0,1,"2, 4",2,5,5,3,4,1,1,4,3,3,2,1,1,0,0,,0,30,1,5,4,4,1,13,1.0,4,0.39999999999999997
304,305,2,"1, 2, 4",1,1,0,1,0,0,1,"2, 3",2,5,5,1,5,5,5,5,5,4,1,1,0,0,0,1.0,1,20,8,4,1,1,4,8,3.0,4,0.75
305,306,2,"1, 2, 5, 6",1,1,0,0,1,1,2,"1, 2, 3",3,4,4,3,5,5,3,3,5,4,1,1,1,0,0,,0,21,10,4,1,1,3,10,1.0,4,0.6500000000000001
306,307,3,"1, 2, 3, 4, 5",1,1,1,1,1,0,3,"1, 2, 3",3,5,4,4,5,4,4,5,4,4,2,1,0,0,0,,0,30,10,4,4,2,1,10,1.0,1,0.6500000000000001
307,308,1,2,0,1,0,0,0,0,1,"2, 4",2,3,5,1,1,1,1,1,1,1,1,1,1,0,0,,0,21,10,0,1,1,1,10,1.0,1,0.2
308,309,3,4,0,0,0,1,0,0,3,2,1,5,5,5,5,5,5,4,5,5,3,1,0,0,0,1.0,0,27,10,5,5,2,1,10,1.0,2,0.8
309,310,3,"1, 2, 5",1,1,0,0,1,0,2,"2, 3",2,3,5,3,3,2,3,2,4,2,2,1,1,0,0,0.0,1,24,7,4,5,2,1,13,1.0,1,0.49999999999999994
310,311,2,"1, 2, 5, 6",1,1,0,0,1,1,2,"1, 2, 4",3,3,4,1,5,4,3,1,4,4,1,1,0,0,0,1.0,0,29,10,4,5,2,1,10,1.0,1,0.6000000000000001
311,312,2,"1, 2, 6",1,1,0,0,0,1,3,"1, 2, 3",3,5,5,3,3,4,2,2,3,1,1,1,1,0,0,0.0,1,31,13,4,1,2,5,15,1.0,1,0.35
312,313,2,"4, 5",0,0,0,1,1,0,1,3,1,3,1,1,1,3,2,5,4,1,1,1,0,0,0,0.0,1,17,1,3,1,1,1,13,1.0,1,0.4
313,314,3,"1, 4",1,0,0,1,0,0,1,"2, 3, 4",3,1,2,1,1,2,2,1,1,1,2,1,1,0,0,0.0,1,28,10,4,4,2,1,10,1.0,1,0.25
314,315,2,"1, 2",1,1,0,0,0,0,2,3,1,4,5,4,4,4,4,1,1,1,2,1,0,0,0,0.0,1,40,9,5,5,2,1,13,4.0,4,0.35
315,316,2,6,0,0,0,0,0,1,1,2,1,5,5,4,4,4,5,4,4,1,2,1,0,0,0,0.0,1,21,7,0,1,1,4,7,1.0,1,0.55
316,317,1,"1, 2, 4",1,1,0,1,0,0,1,"2, 3, 4",3,5,4,1,4,4,4,4,3,3,2,1,0,0,0,,1,37,10,4,5,2,3,10,1.0,1,0.55
317,318,2,"1, 2, 5",1,1,0,0,1,0,2,"2, 3",2,5,4,2,3,4,3,4,4,4,1,1,1,0,0,0.0,1,18,10,0,1,1,3,10,1.0,1,0.6000000000000001
318,319,3,"2, 3, 4",0,1,1,1,0,0,4,"1, 2, 3",3,4,5,5,5,5,5,5,5,5,1,1,0,0,0,1.0,0,23,1,4,4,2,1,10,1.0,2,0.8
319,320,2,"1, 2, 3, 4, 5",1,1,1,1,1,0,4,"1, 2, 3",3,5,5,4,5,1,5,5,5,5,3,1,0,0,0,,0,22,9,0,4,2,1,9,1.0,1,0.8
320,321,2,"4, 6",0,0,0,1,0,1,4,"1, 2, 3, 4",4,5,5,3,4,5,5,2,4,4,2,1,1,1,0,,1,35,10,5,5,2,1,10,1.0,1,0.7000000000000001
321,322,3,6,0,0,0,0,0,1,2,3,1,3,4,4,4,4,4,3,4,1,2,1,0,0,0,0.0,0,23,1,4,4,2,1,10,1.0,1,0.5
322,323,2,5,0,0,0,0,1,0,1,3,1,2,1,1,5,5,1,2,4,3,1,1,1,0,0,0.0,0,24,10,4,5,2,1,13,1.0,4,0.45
323,324,2,"1, 2, 4, 5, 6",1,1,0,1,1,1,4,"1, 2, 3, 4",4,5,5,4,4,4,4,4,4,4,1,1,1,0,0,1.0,0,22,7,0,1,1,2,7,3.0,2,0.6500000000000001
324,325,3,5,0,0,0,0,1,0,2,1,1,3,4,2,5,4,2,1,3,2,"1, 2",2,1,0,0,0.0,1,20,10,4,1,2,4,10,3.0,1,0.44999999999999996
325,326,3,"1, 2, 4, 5, 6",1,1,0,1,1,1,2,"1, 2, 3, 4",4,4,4,3,4,5,4,4,4,4,3,1,1,0,0,1.0,1,32,1,4,4,3,3,1,2.0,3,0.6500000000000001
326,327,3,2,0,1,0,0,0,0,1,2,1,4,5,4,4,4,5,3,4,4,2,1,0,0,0,1.0,0,22,10,4,1,1,1,10,1.0,1,0.7000000000000001
327,328,2,"1, 2, 5",1,1,0,0,1,0,1,"2, 3",2,4,4,1,5,5,1,4,3,1,1,1,1,0,0,1.0,0,53,13,6,5,2,1,13,1.0,1,0.3
328,329,3,"2, 4",0,1,0,1,0,0,3,"1, 2, 3",3,4,5,3,4,5,5,3,4,1,1,1,1,0,0,0.0,1,22,11,4,4,2,1,13,1.0,1,0.55
329,330,2,"1, 2, 3, 4, 5, 6",1,1,1,1,1,1,3,"1, 2, 3, 4",4,5,5,1,5,5,5,5,5,3,1,1,0,0,0,1.0,0,24,10,4,7,2,3,10,1.0,1,0.7000000000000001
330,331,3,"1, 2, 5, 6",1,1,0,0,1,1,3,"1, 2, 3, 4",4,3,5,3,5,5,3,2,3,1,2,1,0,0,0,,0,27,10,5,4,3,1,13,1.0,1,0.39999999999999997
331,332,3,"1, 5",1,0,0,0,1,0,3,"2, 3, 4",3,4,4,4,4,4,2,3,5,4,1,1,1,0,0,0.0,1,25,10,0,1,2,1,10,1.0,1,0.6000000000000001
332,333,3,"1, 5, 6",1,0,0,0,1,1,2,"2, 3",2,4,4,4,5,4,4,4,5,4,1,1,1,0,0,1.0,0,28,9,5,5,2,4,9,3.0,1,0.7000000000000001
333,334,3,4,0,0,0,1,0,0,3,"1, 2, 3, 4",4,2,3,3,3,4,5,3,4,2,2,1,1,0,0,,0,29,7,4,4,2,1,10,1.0,4,0.6000000000000001
334,335,2,"1, 2, 3, 4, 5",1,1,1,1,1,0,3,"2, 3, 4",3,3,3,3,3,1,1,3,4,3,1,1,1,0,0,,0,39,10,4,7,3,4,10,3.0,1,0.45
335,336,2,"1, 2, 6",1,1,0,0,0,1,3,"1, 3",2,4,5,3,3,4,3,2,5,1,1,1,1,0,0,0.0,1,29,8,4,5,2,3,7,1.0,2,0.5
336,337,3,"2, 4, 5",0,1,0,1,1,0,2,"2, 3, 4",3,5,5,4,5,5,5,5,4,4,1,1,1,1,0,,0,21,7,0,1,1,4,7,4.0,1,0.7000000000000001
337,338,3,"1, 2, 5, 6",1,1,0,0,1,1,4,"2, 3",2,5,5,4,5,4,3,3,3,4,1,1,1,0,0,1.0,0,26,11,4,7,3,3,11,1.0,1,0.55
338,339,2,5,0,0,0,0,1,0,2,1,1,4,5,4,5,5,4,3,4,4,2,1,1,0,0,,0,29,10,4,4,2,1,10,1.0,1,0.6500000000000001
339,340,3,"1, 2, 3, 5",1,1,1,0,1,0,3,"1, 2",2,3,4,4,4,3,2,5,3,5,"3, 4",2,1,0,0,0.0,1,25,10,4,6,3,3,10,1.0,4,0.6
340,341,3,5,0,0,0,0,1,0,1,2,1,5,1,1,5,1,1,1,5,5,3,1,1,0,0,1.0,1,37,7,4,7,5,3,7,2.0,1,0.6000000000000001
341,342,3,5,0,0,0,0,1,0,2,1,1,2,5,3,5,4,5,1,4,1,2,1,1,0,0,1.0,1,24,10,4,2,1,4,10,3.0,1,0.55
342,343,3,"1, 2, 3, 4, 5, 6",1,1,1,1,1,1,4,"1, 2, 3, 4",4,5,5,5,5,5,5,5,5,5,"3, 4",2,1,0,0,0.0,1,30,10,4,5,2,1,10,1.0,1,0.85
343,344,3,"1, 2, 6",1,1,0,0,0,1,2,"1, 2, 3, 4",4,5,5,3,5,4,4,3,5,4,1,1,1,0,0,0.0,1,22,1,4,1,1,1,10,1.0,1,0.7000000000000001
344,345,3,"2, 4, 6",0,1,0,1,0,1,4,"2, 4",2,1,3,1,1,4,5,3,2,3,1,1,1,0,1,0.0,0,24,8,4,1,1,4,8,3.0,1,0.55
345,346,2,"1, 2, 4, 5, 6",1,1,0,1,1,1,4,"1, 3",2,3,4,4,3,5,4,4,2,1,1,1,1,0,0,,0,35,10,5,4,3,1,13,1.0,4,0.4
346,347,2,1,1,0,0,0,0,0,1,4,1,5,5,3,4,5,3,3,4,3,2,1,1,0,0,,0,27,10,4,4,2,3,10,1.0,1,0.55
347,348,3,"1, 2, 3, 4, 6",1,1,1,1,0,1,3,"2, 3, 4",3,4,4,4,4,4,3,2,4,4,1,1,1,0,0,,1,25,9,4,4,2,1,10,1.0,4,0.6000000000000001
348,349,2,1,1,0,0,0,0,0,2,3,1,4,5,2,1,2,2,1,4,4,2,1,0,0,0,0.0,0,25,9,4,5,2,3,7,2.0,1,0.55
349,350,3,"1, 2, 4, 5, 6",1,1,0,1,1,1,3,"1, 2, 3, 4",4,5,5,1,5,5,4,2,4,4,1,1,0,1,1,1.0,0,23,8,4,1,1,4,8,3.0,1,0.6500000000000001
350,351,2,"1, 2, 3, 4, 5, 6",1,1,1,1,1,1,2,"1, 2, 3, 4",4,5,3,3,3,3,3,2,3,1,2,1,0,0,0,0.0,1,29,10,4,4,2,1,10,3.0,4,0.39999999999999997
351,352,2,"1, 2, 4",1,1,0,1,0,0,2,"2, 3, 4",3,5,5,3,5,4,5,5,5,5,1,1,1,0,0,,1,24,9,3,1,1,3,9,1.0,1,0.8
352,353,2,"1, 2, 4, 5",1,1,0,1,1,0,3,"2, 4",2,5,5,4,5,4,5,5,5,4,1,1,1,1,1,1.0,0,23,8,4,1,1,4,8,3.0,1,0.75
353,354,3,"1, 5",1,0,0,0,1,0,3,"1, 2, 4",3,2,1,1,3,2,2,4,4,3,2,1,1,0,0,0.0,1,20,9,0,1,1,3,9,1.0,1,0.5000000000000001
354,355,2,"1, 2, 5, 6",1,1,0,0,1,1,1,"1, 2, 3, 4",4,3,3,3,4,3,1,5,4,1,2,1,0,0,0,,1,29,10,0,2,1,4,10,3.0,1,0.35
355,356,2,"2, 5",0,1,0,0,1,0,2,2,1,5,5,2,2,2,3,2,5,5,1,1,0,0,0,0.0,0,28,10,4,5,2,3,7,2.0,1,0.7000000000000001
356,357,3,"1, 5",1,0,0,0,1,0,1,"1, 2, 3",3,3,4,1,2,2,2,1,3,1,2,1,0,0,0,,0,23,13,4,7,2,1,13,1.0,4,0.35
357,358,2,"1, 2, 4, 5, 6",1,1,0,1,1,1,3,"1, 2, 3, 4",4,4,5,3,4,4,3,3,4,4,1,1,1,0,1,0.0,1,29,9,4,5,2,3,7,2.0,1,0.6000000000000001
358,359,1,5,0,0,0,0,1,0,2,2,1,5,4,3,5,4,4,4,5,4,2,1,1,1,1,1.0,0,17,8,3,1,1,4,8,3.0,1,0.7000000000000001
359,360,2,"1, 4, 5",1,0,0,1,1,0,2,"1, 2, 3, 4",4,3,3,3,5,3,2,3,5,3,1,1,1,0,0,,0,42,10,4,5,2,3,7,1.0,1,0.55
360,361,2,"1, 2, 6",1,1,0,0,0,1,2,"1, 2, 3, 4",4,4,4,3,5,5,3,4,4,4,1,1,0,0,0,1.0,1,27,10,5,5,2,2,10,1.0,1,0.6000000000000001
361,362,1,5,0,0,0,0,1,0,2,2,1,5,4,3,4,4,4,4,5,4,1,1,1,1,1,1.0,0,17,8,3,1,1,4,8,3.0,1,0.7000000000000001
362,363,3,1,1,0,0,0,0,0,2,"1, 3",2,3,3,1,4,1,1,1,4,2,2,1,0,0,0,1.0,0,23,7,4,5,2,3,7,2.0,4,0.39999999999999997
363,364,2,"1, 5",1,0,0,0,1,0,3,"2, 4",2,4,3,1,4,3,1,1,4,1,1,1,1,0,0,0.0,1,21,10,4,4,2,1,10,1.0,1,0.35
364,365,3,2,0,1,0,0,0,0,2,2,1,5,3,3,4,4,4,3,3,3,1,1,0,0,0,1.0,0,18,8,0,1,1,4,8,3.0,1,0.55
365,366,2,"1, 2",1,1,0,0,0,0,2,"1, 3, 4",3,3,5,3,1,3,3,3,2,3,2,1,0,0,0,0.0,0,29,10,4,7,2,1,10,1.0,4,0.45
366,367,2,2,0,1,0,0,0,0,2,1,1,3,3,2,5,2,3,2,3,2,2,1,1,0,0,0.0,0,29,10,4,7,2,1,10,1.0,1,0.45
367,368,1,"1, 2, 4, 5",1,1,0,1,1,0,2,"2, 3, 4",3,5,5,4,5,4,5,4,4,4,1,1,1,0,0,0.0,0,23,10,4,1,1,1,10,1.0,1,0.7000000000000001
368,369,2,"1, 2, 5",1,1,0,0,1,0,3,"1, 2, 3, 4",4,5,5,5,5,5,5,5,5,3,1,1,1,1,1,1.0,1,27,13,4,5,2,3,7,2.0,4,0.7000000000000001
369,370,2,"1, 2, 5",1,1,0,0,1,0,4,"2, 3",2,3,5,1,4,2,2,1,3,3,2,1,0,1,1,1.0,0,21,9,4,1,1,4,9,3.0,1,0.45
370,371,2,"1, 2, 3, 4, 5",1,1,1,1,1,0,1,"1, 2, 3, 4",4,5,5,2,5,2,5,4,3,2,1,1,0,0,0,,0,17,8,3,1,1,1,8,3.0,1,0.55
371,372,2,"1, 4, 5",1,0,0,1,1,0,2,"1, 2, 3, 4",4,5,1,1,1,2,2,4,1,5,1,1,0,0,0,,0,28,10,5,7,1,1,10,1.0,1,0.45
372,373,3,6,0,0,0,0,0,1,1,2,1,5,5,1,5,3,3,5,5,3,2,1,1,0,0,1.0,0,23,7,4,1,1,3,7,2.0,1,0.6000000000000001
373,374,2,"1, 2, 5",1,1,0,0,1,0,2,"2, 3",2,5,5,3,5,4,4,4,4,2,2,1,1,0,0,1.0,0,33,13,5,5,2,1,13,1.0,1,0.55
374,375,3,"1, 2, 5, 6",1,1,0,0,1,1,3,3,1,4,5,2,4,5,2,1,4,2,2,1,0,0,0,,0,28,10,4,4,3,1,13,1.0,1,0.45
375,376,2,"1, 2, 5",1,1,0,0,1,0,2,"2, 4",2,4,4,1,4,1,1,1,1,1,2,1,0,0,0,,0,29,10,5,5,2,4,10,3.0,1,0.2
376,377,3,"1, 3, 5, 6",1,0,1,0,1,1,3,"1, 2",2,5,4,4,5,4,3,2,5,5,1,1,1,0,0,1.0,0,28,7,4,5,2,3,7,2.0,1,0.7000000000000001
377,378,3,"1, 2, 5, 6",1,1,0,0,1,1,3,"1, 2, 3, 4",4,5,5,3,5,5,1,4,5,5,1,1,1,1,0,,1,40,8,6,5,2,1,13,1.0,1,0.6000000000000001
378,379,3,2,0,1,0,0,0,0,1,1,1,3,5,1,3,3,1,1,3,1,2,1,0,0,0,,0,26,7,4,3,1,3,7,2.0,1,0.3
379,380,2,"1, 2, 5",1,1,0,0,1,0,3,"2, 3",2,4,5,3,4,2,4,3,3,3,2,1,0,0,0,,0,23,8,4,5,2,3,8,3.0,1,0.55
380,381,2,"1, 2",1,1,0,0,0,0,1,2,1,5,5,1,5,4,4,3,4,3,1,1,1,0,0,0.0,0,33,8,4,5,2,4,8,3.0,1,0.6000000000000001
381,382,3,"2, 6",0,1,0,0,0,1,1,2,1,5,5,5,5,4,4,3,5,5,2,1,0,0,0,1.0,1,35,8,5,7,4,4,8,3.0,1,0.75
382,383,3,"1, 2, 4, 6",1,1,0,1,0,1,2,"1, 2, 3, 4",4,4,3,1,3,5,4,3,4,3,1,1,1,0,0,1.0,0,28,10,4,5,2,1,10,1.0,1,0.6000000000000001
383,384,3,"1, 2, 3, 4, 5, 6",1,1,1,1,1,1,2,"1, 2, 3, 4",4,5,5,5,5,5,5,5,5,5,1,1,1,0,0,1.0,1,28,10,4,4,3,1,10,1.0,1,0.8
384,385,2,"1, 2, 5, 6",1,1,0,0,1,1,3,2,1,5,4,1,4,4,3,3,3,1,1,1,1,0,0,1.0,0,28,8,5,5,2,3,8,1.0,1,0.39999999999999997
385,386,3,"1, 2",1,1,0,0,0,0,1,4,1,5,5,3,5,3,3,4,4,4,1,1,1,0,0,1.0,0,38,7,4,4,2,1,7,1.0,4,0.6000000000000001
386,387,2,"1, 2, 4, 5, 6",1,1,0,1,1,1,3,"1, 2",2,5,5,4,5,5,4,5,5,4,3,1,1,0,0,,0,35,14,4,3,4,1,13,1.0,1,0.7000000000000001
387,388,2,"1, 2, 5",1,1,0,0,1,0,3,2,1,3,4,3,4,2,3,3,3,3,2,1,1,0,0,0.0,0,40,8,6,5,2,3,8,1.0,1,0.49999999999999994
388,389,2,"1, 2, 4",1,1,0,1,0,0,3,"1, 2, 3, 4",4,5,5,5,4,4,5,5,4,4,3,1,1,0,0,,1,28,10,4,5,2,2,10,,4,0.7000000000000001
389,390,2,"1, 2, 3, 4, 5, 6",1,1,1,1,1,1,2,"1, 2, 4",3,5,5,1,5,5,4,5,5,4,3,1,1,0,0,1.0,1,32,10,4,5,2,3,8,1.0,1,0.7000000000000001
390,391,3,"5, 6",0,0,0,0,1,1,3,"1, 2, 3",3,4,4,4,4,4,4,3,5,4,3,1,1,0,1,1.0,0,23,9,4,1,1,4,9,3.0,1,0.7000000000000001
391,392,2,2,0,1,0,0,0,0,2,3,1,3,5,2,2,2,4,2,1,1,2,1,0,0,0,0.0,0,24,13,4,7,2,3,7,2.0,2,0.35
392,393,3,4,0,0,0,1,0,0,1,3,1,5,3,3,5,5,3,3,4,3,2,1,0,0,1,1.0,0,19,8,0,1,1,4,8,3.0,1,0.55
393,394,2,1,1,0,0,0,0,0,4,1,1,5,5,4,5,4,4,4,5,4,2,1,0,0,0,1.0,1,43,9,3,7,2,1,9,1.0,1,0.7000000000000001
394,395,2,"1, 6",1,0,0,0,0,1,1,"3, 4",2,4,4,3,4,5,4,1,4,3,1,1,1,0,0,0.0,0,49,10,4,7,1,1,10,1.0,1,0.6000000000000001
395,396,2,"1, 2",1,1,0,0,0,0,1,"1, 4",2,4,4,3,4,5,4,4,3,3,1,1,0,0,0,0.0,0,27,10,4,4,2,1,10,1.0,1,0.55
396,397,3,"1, 2, 4, 5",1,1,0,1,1,0,2,"1, 2, 4",3,4,4,1,4,1,4,1,4,3,2,1,1,0,0,1.0,0,26,11,4,5,2,3,7,2.0,1,0.6000000000000001
397,398,2,"1, 2",1,1,0,0,0,0,2,"2, 4",2,4,4,3,4,5,4,4,3,3,1,1,0,0,0,0.0,0,24,10,0,1,1,1,10,1.0,1,0.55
398,399,2,"2, 6",0,1,0,0,0,1,3,"2, 3, 4",3,3,3,4,4,4,3,3,3,1,2,1,1,0,0,0.0,0,21,9,0,1,1,3,9,2.0,1,0.39999999999999997
399,400,2,"1, 2, 5, 6",1,1,0,0,1,1,1,"1, 3",2,3,5,2,3,5,3,1,3,1,2,1,0,0,0,,0,30,10,4,4,3,1,10,1.0,1,0.39999999999999997
400,401,2,"1, 2, 4, 5, 6",1,1,0,1,1,1,2,"2, 3, 4",3,5,5,4,5,4,4,4,4,4,3,1,0,0,0,1.0,0,21,10,4,4,2,1,10,1.0,1,0.6500000000000001
401,402,1,"1, 2, 3, 5",1,1,1,0,1,0,1,"1, 2, 3, 4",4,4,4,4,5,1,1,1,4,1,1,1,0,0,0,,1,42,10,4,5,2,1,7,2.0,4,0.35
402,403,2,"1, 2, 6",1,1,0,0,0,1,2,2,1,4,4,4,4,4,2,2,2,2,2,1,0,0,0,0.0,0,24,7,4,4,3,3,7,4.0,1,0.35000000000000003
403,404,3,5,0,0,0,0,1,0,3,3,1,4,4,4,3,3,3,3,4,3,2,1,1,0,1,1.0,1,21,7,0,1,1,1,7,4.0,3,0.55
404,405,2,6,0,0,0,0,0,1,4,"2, 3",2,5,5,1,5,5,1,4,5,5,1,1,1,0,0,0.0,0,23,10,5,1,1,1,10,1.0,1,0.6000000000000001
405,406,3,"2, 6",0,1,0,0,0,1,4,"1, 3",2,4,5,3,5,4,5,5,4,3,2,1,0,0,0,1.0,0,21,10,4,7,1,1,10,1.0,1,0.65
406,407,3,"1, 2, 5",1,1,0,0,1,0,2,"2, 3, 4",3,4,4,4,4,4,4,2,3,2,1,1,0,0,0,,0,23,10,4,1,1,1,10,1.0,1,0.49999999999999994
407,408,2,"1, 2, 4, 5, 6",1,1,0,1,1,1,3,"1, 2, 3, 4",4,3,3,3,4,4,4,3,4,3,"1, 4",2,1,0,0,1.0,0,26,10,5,5,2,4,10,3.0,1,0.65
408,409,2,"1, 2, 6",1,1,0,0,0,1,2,"1, 2, 3, 4",4,4,5,1,4,3,4,3,4,1,1,1,1,0,0,1.0,0,27,10,5,4,4,1,10,1.0,1,0.5
409,410,2,"1, 5",1,0,0,0,1,0,1,4,1,4,4,1,5,1,1,4,5,4,3,1,1,1,0,,0,38,11,4,5,2,1,10,1.0,1,0.55
410,411,3,"1, 2, 4, 5, 6",1,1,0,1,1,1,3,"1, 2, 3, 4",4,5,4,1,5,5,4,3,2,5,4,1,1,0,0,0.0,0,35,4,6,5,2,3,9,1.0,4,0.6000000000000001
411,412,3,"1, 2, 5",1,1,0,0,1,0,3,"1, 2, 3, 4",4,5,5,3,5,1,3,2,5,5,1,1,1,0,0,1.0,0,25,7,4,5,2,3,7,2.0,1,0.7000000000000001
412,413,2,"1, 5",1,0,0,0,1,0,1,"1, 2",2,5,5,5,5,4,2,3,4,3,3,1,1,0,0,0.0,0,28,9,5,5,2,4,7,2.0,2,0.5000000000000001
413,414,2,"1, 2, 5",1,1,0,0,1,0,2,"1, 2, 4",3,3,4,2,5,3,2,3,3,3,1,1,0,0,0,0.0,0,33,9,4,5,2,3,8,1.0,1,0.45
414,415,1,"1, 2, 5",1,1,0,0,1,0,2,"1, 2, 3, 4",4,5,4,3,5,3,2,3,3,2,1,1,0,0,0,,1,61,13,5,4,2,1,13,1.0,1,0.39999999999999997
415,416,3,"1, 2, 5",1,1,0,0,1,0,3,"1, 4",2,4,4,1,5,3,4,4,5,4,3,1,1,0,0,,0,29,10,4,7,3,3,10,1.0,4,0.7000000000000001
416,417,2,"1, 5",1,0,0,0,1,0,2,2,1,5,4,4,5,3,4,3,4,3,1,1,1,1,0,1.0,0,25,9,5,1,2,4,9,3.0,1,0.6000000000000001
417,418,1,"1, 2",1,1,0,0,0,0,2,"2, 4",2,1,4,3,3,4,4,4,3,3,2,1,0,0,0,,0,35,8,4,5,2,3,8,1.0,1,0.55
418,419,2,"1, 5",1,0,0,0,1,0,2,"1, 2, 3",3,5,5,5,5,3,4,4,4,3,3,1,0,0,0,1.0,0,29,1,4,4,2,1,13,1.0,1,0.6000000000000001
419,420,1,2,0,1,0,0,0,0,2,"2, 3, 4",3,4,4,1,4,3,2,2,3,4,2,1,1,0,0,1.0,0,46,7,5,5,2,1,7,1.0,1,0.5
420,421,2,1,1,0,0,0,0,0,2,4,1,4,4,4,4,3,4,4,3,1,2,1,0,0,0,0.0,1,29,10,4,4,3,2,10,1.0,1,0.44999999999999996
421,422,2,6,0,0,0,0,0,1,2,"1, 4",2,3,4,2,5,5,4,1,3,1,2,1,0,0,0,0.0,0,26,7,4,5,2,3,7,2.0,1,0.44999999999999996
422,423,2,6,0,0,0,0,0,1,1,1,1,4,4,1,3,4,4,3,3,1,2,1,0,0,0,0.0,1,27,14,4,5,2,3,14,1.0,1,0.44999999999999996
423,424,3,2,0,1,0,0,0,0,3,2,1,5,5,5,4,4,2,4,4,3,1,1,0,0,0,0.0,0,28,8,4,4,4,5,15,1.0,1,0.5000000000000001
424,425,1,2,0,1,0,0,0,0,2,2,1,1,5,1,1,1,1,1,1,1,2,1,0,0,0,0.0,0,45,10,4,5,2,1,10,1.0,4,0.2
425,426,3,"1, 2, 4, 5, 6",1,1,0,1,1,1,2,"1, 2, 3, 4",4,3,2,2,5,4,4,4,5,5,3,1,1,0,0,1.0,0,28,10,4,5,2,3,10,3.0,2,0.75
426,427,2,"1, 5, 6",1,0,0,0,1,1,2,"3, 4",2,3,4,1,5,4,1,4,3,1,1,1,1,0,0,0.0,1,23,9,4,4,2,1,10,3.0,4,0.3
427,428,2,"1, 2",1,1,0,0,0,0,2,1,1,5,5,5,5,4,4,4,5,5,3,1,0,0,0,1.0,0,50,8,4,7,3,4,8,3.0,3,0.75
428,429,2,"1, 2, 5, 6",1,1,0,0,1,1,2,"1, 2, 3, 4",4,4,4,2,5,5,4,5,5,5,4,1,1,1,1,1.0,1,29,4,4,4,2,3,4,2.0,3,0.75
429,430,2,"1, 4, 5",1,0,0,1,1,0,1,"1, 2, 3, 4",4,5,3,1,3,4,3,3,4,5,1,1,1,0,0,0.0,0,30,10,4,4,2,1,10,1.0,1,0.65
430,431,3,5,0,0,0,0,1,0,3,2,1,3,3,4,3,3,3,3,5,3,2,1,1,0,0,,0,29,8,5,3,1,1,13,1.0,1,0.6000000000000001
431,432,2,"1, 2, 5",1,1,0,0,1,0,1,"2, 3",2,4,5,2,3,1,3,1,1,1,2,1,1,0,0,0.0,0,39,9,5,5,2,3,9,1.0,1,0.3
432,433,3,5,0,0,0,0,1,0,2,1,1,5,4,3,5,2,5,3,5,5,1,1,1,1,0,0.0,0,23,10,4,7,2,1,10,1.0,4,0.8
433,434,2,2,0,1,0,0,0,0,4,1,1,5,5,5,5,4,4,5,4,4,2,1,0,0,0,1.0,0,33,8,4,5,2,3,8,1.0,1,0.6500000000000001
434,435,2,"1, 2, 4, 5",1,1,0,1,1,0,1,2,1,5,3,1,5,3,4,4,5,4,1,1,1,0,0,,1,40,1,4,7,2,3,1,2.0,4,0.7000000000000001
435,436,2,"1, 2, 5, 6",1,1,0,0,1,1,3,"1, 2, 3, 4",4,5,5,1,5,5,5,5,5,4,1,1,1,0,0,,0,27,10,5,5,2,1,10,1.0,1,0.75
436,437,3,"1, 2, 4, 5",1,1,0,1,1,0,1,"1, 2, 3",3,4,4,4,4,3,3,2,3,3,1,1,0,0,0,,0,28,8,4,3,1,1,13,1.0,1,0.49999999999999994
437,438,2,"1, 2, 4",1,1,0,1,0,0,3,1,1,4,3,2,3,2,2,3,3,3,2,1,0,0,0,1.0,0,23,10,4,7,1,3,10,1.0,1,0.45
438,439,3,"1, 2, 3, 4, 5, 6",1,1,1,1,1,1,3,"1, 2, 3, 4",4,4,4,4,4,5,4,3,4,3,1,1,0,0,0,,0,27,11,5,5,2,4,11,3.0,1,0.6000000000000001
439,440,2,"1, 2, 5",1,1,0,0,1,0,4,"1, 2, 3, 4",4,5,5,1,4,4,4,5,4,4,1,1,0,0,0,1.0,0,25,10,3,4,1,1,10,1.0,1,0.6500000000000001
440,441,3,5,0,0,0,0,1,0,1,3,1,5,4,1,3,2,3,3,4,3,1,1,1,0,0,1.0,1,21,10,3,3,1,4,10,3.0,1,0.55
441,442,2,"1, 2",1,1,0,0,0,0,3,"3, 4",2,5,5,3,5,3,3,3,5,3,3,1,1,0,1,1.0,1,45,10,4,7,2,1,10,1.0,1,0.6000000000000001
442,443,3,"4, 5",0,0,0,1,1,0,1,"1, 2, 3",3,3,3,1,5,4,3,4,4,1,1,1,1,0,0,,0,18,10,0,1,1,1,10,1.0,1,0.44999999999999996
443,444,3,2,0,1,0,0,0,0,3,1,1,5,5,4,5,4,5,5,5,4,3,1,1,0,0,0.0,0,24,10,5,7,5,3,10,1.0,4,0.75
444,445,2,"1, 2, 3, 4, 5, 6",1,1,1,1,1,1,1,"2, 3",2,5,5,1,4,5,4,3,4,3,2,1,0,0,0,0.0,1,23,10,4,3,1,1,10,1.0,1,0.6000000000000001
445,446,2,2,0,1,0,0,0,0,1,3,1,4,4,4,5,2,4,3,4,3,2,1,0,0,0,,0,29,10,4,7,2,1,10,1.0,1,0.6000000000000001
446,447,2,5,0,0,0,0,1,0,2,3,1,4,4,4,4,3,4,4,4,4,2,1,1,0,0,,0,21,13,3,4,2,1,13,1.0,1,0.6500000000000001
447,448,2,"1, 2, 4, 5",1,1,0,1,1,0,3,3,1,3,5,5,5,4,5,5,5,5,1,1,0,0,0,1.0,0,23,10,4,4,2,1,10,1.0,1,0.8
448,449,3,6,0,0,0,0,0,1,2,3,1,1,4,1,1,5,1,1,1,1,1,1,0,0,0,,0,34,14,4,5,2,3,7,2.0,3,0.2
449,450,2,"1, 2, 4, 5, 6",1,1,0,1,1,1,3,"1, 2, 3, 4",4,4,4,3,4,3,3,3,3,2,1,1,1,0,0,,0,28,10,5,5,2,3,10,3.0,4,0.45
450,451,3,"1, 2, 5",1,1,0,0,1,0,2,"2, 3",2,3,5,2,4,3,3,2,4,1,2,1,0,0,0,,0,22,9,0,1,1,4,9,3.0,1,0.44999999999999996
451,452,2,"1, 2",1,1,0,0,0,0,2,"1, 2, 3",3,3,4,1,2,3,3,3,2,1,2,1,0,0,0,0.0,0,29,8,4,4,5,5,8,,1,0.35
452,453,3,"1, 2, 6",1,1,0,0,0,1,3,4,1,4,4,1,5,5,5,1,3,1,2,1,1,0,0,,0,24,9,4,4,2,3,13,1.0,1,0.5
453,454,3,4,0,0,0,1,0,0,2,"2, 3",2,5,5,5,5,3,5,5,5,3,1,1,0,0,0,,1,16,12,3,1,1,3,12,1.0,1,0.7000000000000001
454,455,3,"1, 5",1,0,0,0,1,0,3,"1, 2, 3, 4",4,5,3,1,4,3,2,4,3,2,3,1,1,1,1,1.0,1,30,13,3,7,4,1,13,1.0,3,0.39999999999999997
455,456,2,2,0,1,0,0,0,0,3,1,1,4,4,4,3,4,3,2,1,1,2,1,0,0,0,0.0,0,28,10,4,7,2,3,10,3.0,1,0.3
456,457,2,"1, 2, 4, 5, 6",1,1,0,1,1,1,2,"1, 2, 4",3,5,4,1,4,1,1,3,4,4,1,1,1,0,1,1.0,0,24,8,4,1,2,1,10,1.0,1,0.5
457,458,2,"1, 2, 3, 4, 5, 6",1,1,1,1,1,1,3,"1, 2, 3, 4",4,5,4,3,4,5,5,5,4,3,1,1,1,0,0,1.0,1,20,13,5,7,5,1,13,1.0,1,0.65
458,459,2,"1, 5",1,0,0,0,1,0,3,"2, 3, 4",3,5,2,2,4,4,2,4,4,3,1,1,1,0,0,,1,23,10,4,1,1,1,10,,1,0.5000000000000001
459,460,1,1,1,0,0,0,0,0,2,"1, 2",2,5,4,3,3,1,1,3,3,3,2,1,0,0,0,0.0,1,24,10,4,4,2,1,10,1.0,4,0.39999999999999997
460,461,3,"1, 2, 3, 4, 5",1,1,1,1,1,0,4,"1, 2, 3, 4",4,5,5,5,5,5,5,5,5,5,3,1,1,1,0,1.0,1,31,10,3,7,5,1,10,1.0,1,0.8
461,462,3,"1, 2, 3, 4, 5",1,1,1,1,1,0,4,"1, 2, 3, 4",4,5,5,5,5,5,5,5,5,5,3,1,1,1,0,1.0,1,31,10,3,7,5,1,10,1.0,1,0.8
462,463,1,"1, 2",1,1,0,0,0,0,1,"1, 2",2,3,5,1,4,5,3,4,3,1,2,1,0,0,0,1.0,0,40,13,5,5,2,2,13,1.0,1,0.39999999999999997
463,464,1,1,1,0,0,0,0,0,3,2,1,5,4,1,4,1,4,4,5,5,3,1,1,0,0,1.0,1,29,10,4,5,2,4,10,3.0,1,0.75
464,465,1,"1, 2, 5",1,1,0,0,1,0,1,"2, 4",2,5,5,1,5,2,3,4,4,4,2,1,1,0,0,0.0,0,47,7,6,5,3,2,10,1.0,1,0.6000000000000001
465,466,2,"1, 2, 6",1,1,0,0,0,1,2,"1, 2, 4",3,4,4,1,5,4,2,1,3,1,1,1,1,0,0,,1,38,10,5,4,3,1,10,1.0,1,0.35
466,467,1,1,1,0,0,0,0,0,2,"2, 3",2,3,4,3,5,3,3,3,4,4,2,1,0,0,0,0.0,0,30,13,3,2,1,1,13,1.0,4,0.6000000000000001
467,468,2,"1, 2",1,1,0,0,0,0,2,4,1,5,5,4,5,2,2,4,4,4,3,1,0,0,0,,1,64,9,4,4,4,5,13,1.0,1,0.55
468,469,2,6,0,0,0,0,0,1,2,"1, 2, 3, 4",4,4,4,4,4,4,4,4,4,4,3,1,1,0,0,,1,29,10,4,4,2,1,10,1.0,1,0.6500000000000001
469,470,3,"1, 2, 5, 6",1,1,0,0,1,1,3,"1, 2, 3",3,5,5,2,5,5,3,3,5,4,1,1,1,1,1,1.0,0,25,10,4,4,2,1,10,1.0,1,0.6500000000000001
470,471,2,"1, 6",1,0,0,0,0,1,3,"3, 4",2,5,5,4,5,5,2,5,5,1,1,1,1,1,1,1.0,1,20,13,3,1,1,1,13,1.0,1,0.44999999999999996
471,472,2,"1, 2, 3, 4, 5, 6",1,1,1,1,1,1,2,"2, 3, 4",3,4,4,3,4,4,2,3,4,5,1,1,1,1,0,1.0,1,20,8,0,1,1,3,8,1.0,1,0.6000000000000001
472,473,2,"1, 2, 3, 4, 5",1,1,1,1,1,0,4,"2, 3, 4",3,4,5,4,5,5,4,3,4,4,2,1,1,0,0,,0,36,10,6,5,2,1,10,1.0,1,0.6500000000000001
473,474,3,"4, 6",0,0,0,1,0,1,4,4,1,5,5,4,5,5,3,4,5,4,1,1,1,1,1,1.0,0,18,7,0,1,1,1,10,1.0,1,0.6500000000000001
474,475,3,5,0,0,0,0,1,0,3,1,1,5,5,1,5,5,1,5,1,4,"1, 3",2,0,0,0,1.0,0,24,8,4,4,3,3,8,3.0,1,0.4
475,476,2,6,0,0,0,0,0,1,2,"1, 2, 3",3,5,4,4,5,4,5,5,4,1,1,1,0,0,0,,0,18,10,3,1,1,1,10,1.0,2,0.55
476,477,3,"1, 2, 5, 6",1,1,0,0,1,1,3,"1, 2, 3, 4",4,5,5,4,5,5,1,5,5,4,2,1,1,0,0,1.0,1,21,11,4,4,5,5,11,3.0,1,0.55
477,478,2,1,1,0,0,0,0,0,4,3,1,5,4,1,5,5,4,5,5,5,3,1,1,1,1,1.0,0,49,9,4,2,1,3,9,1.0,1,0.75
478,479,3,"1, 2, 4, 5",1,1,0,1,1,0,4,"2, 3",2,3,4,3,4,3,5,4,5,4,3,1,1,0,1,1.0,1,20,8,4,1,5,4,8,3.0,1,0.75
479,480,3,"1, 2, 4, 5, 6",1,1,0,1,1,1,2,"1, 2, 3, 4",4,4,4,1,4,4,4,4,2,4,"1, 3",2,1,0,1,1.0,0,23,9,4,4,3,1,13,1.0,1,0.6
480,481,3,"1, 2, 4, 5",1,1,0,1,1,0,3,"1, 2, 3, 4",4,5,4,1,5,4,4,3,5,4,2,1,0,0,0,1.0,0,30,9,4,4,3,1,13,1.0,1,0.7000000000000001
481,482,3,"1, 2, 4",1,1,0,1,0,0,3,"1, 2, 3, 4",4,4,5,3,3,5,4,3,4,3,1,1,0,0,0,0.0,1,21,11,3,5,1,2,11,1.0,1,0.6000000000000001
482,483,2,"1, 2",1,1,0,0,0,0,1,"1, 2, 4",3,5,4,4,4,4,4,5,5,4,1,1,1,0,0,,0,45,9,4,5,2,4,10,3.0,1,0.7000000000000001
483,484,3,"1, 2, 4, 5, 6",1,1,0,1,1,1,2,"2, 3, 4",3,3,3,3,3,3,4,2,3,1,1,1,0,0,0,,0,19,10,0,1,1,1,10,1.0,1,0.44999999999999996
484,485,2,4,0,0,0,1,0,0,2,"1, 2, 3",3,3,5,5,5,5,5,5,3,3,2,1,1,0,1,1.0,0,21,10,0,1,2,3,10,1.0,1,0.6000000000000001
485,486,1,"2, 4",0,1,0,1,0,0,3,"1, 2, 3, 4",4,2,4,4,2,4,4,5,2,5,3,1,1,1,1,1.0,0,33,13,4,4,4,5,15,,1,0.6000000000000001
486,487,2,5,0,0,0,0,1,0,4,2,1,4,4,4,5,4,1,4,4,4,1,1,1,0,0,,1,62,10,4,7,3,1,10,1.0,1,0.5
487,488,3,"1, 2, 6",1,1,0,0,0,1,2,"1, 2, 3, 4",4,3,4,1,4,5,4,5,5,5,1,1,1,0,0,1.0,0,21,8,0,1,1,3,8,1.0,4,0.75
488,489,3,"1, 2, 3, 4, 5, 6",1,1,1,1,1,1,3,"1, 2, 4",3,3,3,3,3,3,4,3,3,3,3,1,1,1,1,1.0,1,35,8,4,4,2,1,8,1.0,1,0.55
489,490,2,"1, 2, 3, 4, 5, 6",1,1,1,1,1,1,4,"2, 3, 4",3,5,5,5,5,5,5,5,5,5,1,1,1,1,1,1.0,1,25,8,3,1,1,1,8,1.0,1,0.8
490,491,3,"1, 2, 4, 5, 6",1,1,0,1,1,1,3,"1, 2, 3",3,3,4,3,5,5,5,1,2,2,2,1,1,0,0,,0,20,7,4,1,1,1,7,2.0,1,0.49999999999999994
491,492,3,2,0,1,0,0,0,0,4,3,1,5,5,4,4,5,4,5,4,5,1,1,1,0,0,0.0,1,23,8,4,1,1,4,8,4.0,1,0.7000000000000001
492,493,3,"2, 4, 6",0,1,0,1,0,1,1,"2, 4",2,4,5,3,5,5,5,5,5,5,3,1,1,0,0,0.0,1,16,13,3,1,1,1,13,1.0,4,0.8
493,494,3,"1, 6",1,0,0,0,0,1,1,3,1,5,5,4,5,5,5,1,2,1,1,1,0,0,0,0.0,1,28,13,4,4,2,1,13,1.0,1,0.44999999999999996
494,495,2,5,0,0,0,0,1,0,2,2,1,5,5,5,5,5,5,1,3,3,2,1,1,0,0,0.0,1,18,10,3,1,1,1,10,1.0,1,0.6000000000000001
495,496,1,5,0,0,0,0,1,0,2,2,1,5,5,5,5,5,5,1,3,3,2,1,1,0,0,0.0,1,18,10,3,1,1,1,10,1.0,1,0.6000000000000001
496,497,3,"2, 3, 5, 6",0,1,1,0,1,1,4,"1, 2, 3",3,3,5,4,3,5,4,4,2,3,2,1,1,0,0,,0,20,13,4,1,1,1,13,1.0,1,0.5000000000000001
497,498,2,"5, 6",0,0,0,0,1,1,1,2,1,3,1,1,5,5,1,1,4,1,1,1,0,0,0,,1,17,3,3,2,1,3,3,2.0,1,0.35
498,499,2,"1, 2, 5, 6",1,1,0,0,1,1,3,"2, 3",2,4,4,4,4,4,3,4,4,3,1,1,1,0,0,0.0,0,26,9,5,5,2,3,9,1.0,1,0.55
499,500,1,1,1,0,0,0,0,0,2,4,1,4,4,3,4,1,4,4,4,4,2,1,1,0,1,1.0,0,40,9,5,5,2,3,8,1.0,1,0.6500000000000001
500,501,2,"1, 2, 3, 4, 5",1,1,1,1,1,0,3,"2, 3, 4",3,5,5,4,5,4,4,4,5,5,1,1,1,0,0,,1,55,8,4,5,2,4,8,3.0,1,0.75
501,502,2,"2, 5, 6",0,1,0,0,1,1,3,"1, 2, 3",3,3,5,2,3,5,1,1,3,4,2,1,0,0,1,1.0,0,23,13,4,1,2,1,10,1.0,1,0.45
502,503,2,"1, 5, 6",1,0,0,0,1,1,3,"2, 3, 4",3,4,4,3,5,4,3,4,4,4,4,1,1,0,0,,0,21,13,3,1,1,1,13,1.0,1,0.6000000000000001
503,504,3,1,1,0,0,0,0,0,2,2,1,5,5,5,5,4,4,5,5,5,1,1,1,0,1,1.0,1,40,10,5,1,2,1,13,1.0,4,0.75
504,505,2,"1, 2, 5",1,1,0,0,1,0,3,"2, 3, 4",3,5,4,1,4,5,2,1,4,4,4,1,1,1,1,1.0,0,27,8,4,5,2,3,2,2.0,1,0.55
505,506,1,"1, 2, 5, 6",1,1,0,0,1,1,1,"1, 3, 4",3,4,4,1,5,4,1,2,4,3,1,1,1,1,0,,1,58,9,3,7,5,3,9,1.0,1,0.45
506,507,2,"1, 2, 4, 5, 6",1,1,0,1,1,1,2,"2, 3",2,4,4,3,3,5,5,4,4,5,3,1,1,1,0,0.0,0,18,5,3,1,1,3,5,2.0,1,0.75
507,508,2,"1, 2",1,1,0,0,0,0,2,2,1,4,4,2,4,4,4,4,4,5,"1, 2",2,1,0,0,1.0,1,38,8,5,5,2,1,10,3.0,1,0.75
508,509,2,"1, 2, 5",1,1,0,0,1,0,3,"1, 2, 3, 4",4,1,5,1,4,4,3,4,4,4,2,1,0,0,0,,1,39,10,4,5,2,1,13,1.0,1,0.6000000000000001
509,510,3,"1, 2, 4, 5, 6",1,1,0,1,1,1,1,3,1,5,5,1,5,5,5,4,5,4,2,1,1,1,1,,0,29,10,4,4,2,1,10,1.0,1,0.75
510,511,2,"1, 2, 5",1,1,0,0,1,0,3,"1, 2",2,5,5,4,5,2,2,5,5,1,1,1,1,0,0,,0,55,1,4,7,4,1,13,1.0,1,0.44999999999999996
511,512,3,"1, 2",1,1,0,0,0,0,2,1,1,5,3,1,5,3,4,3,5,4,1,1,1,0,0,,1,50,10,4,7,3,1,10,1.0,1,0.7000000000000001
512,513,3,"1, 4, 5",1,0,0,1,1,0,4,"1, 2, 4",3,4,3,2,5,2,4,3,4,4,3,1,1,1,1,1.0,1,28,11,3,7,2,3,11,1.0,1,0.6500000000000001
513,514,2,"1, 2, 4",1,1,0,1,0,0,2,"1, 2, 3, 4",4,1,4,1,3,3,3,1,1,1,2,1,1,0,0,,0,33,10,4,5,2,1,10,1.0,1,0.3
514,515,3,"1, 2, 4, 5, 6",1,1,0,1,1,1,4,"2, 3, 4",3,4,5,4,3,5,5,5,3,3,1,1,0,0,0,0.0,0,25,3,4,5,2,3,3,2.0,3,0.6000000000000001
515,516,3,5,0,0,0,0,1,0,2,2,1,4,4,4,5,4,2,2,4,3,2,1,1,0,1,1.0,0,18,8,0,1,1,4,8,3.0,1,0.5000000000000001
516,517,1,1,1,0,0,0,0,0,1,2,1,5,3,1,3,3,1,1,5,1,1,1,0,0,0,1.0,0,42,13,5,5,2,1,13,1.0,1,0.39999999999999997
517,518,2,"1, 2, 5, 6",1,1,0,0,1,1,2,"1, 2, 3",3,5,4,3,5,5,3,4,4,4,1,1,1,0,0,0.0,1,45,14,5,1,5,5,15,,1,0.6000000000000001
518,519,2,2,0,1,0,0,0,0,2,3,1,5,5,1,4,5,4,5,5,4,2,1,1,0,0,,0,28,9,4,5,2,4,9,3.0,1,0.7000000000000001
519,520,2,"2, 6",0,1,0,0,0,1,2,"1, 3",2,4,4,3,3,5,4,4,2,3,1,1,1,0,0,,0,28,7,4,7,3,1,13,1.0,1,0.5000000000000001
520,521,3,"1, 2",1,1,0,0,0,0,2,"2, 3",2,4,4,2,4,2,2,3,3,4,2,1,1,0,0,,1,31,9,5,5,2,2,10,2.0,4,0.5
521,522,2,"1, 2, 4, 5",1,1,0,1,1,0,2,"1, 2, 3, 4",4,3,4,2,5,1,1,1,1,1,2,1,1,0,0,,0,27,10,5,1,2,4,10,3.0,4,0.2
522,523,3,"1, 2, 6",1,1,0,0,0,1,3,"1, 2, 3, 4",4,5,5,4,4,4,4,4,4,5,3,1,1,1,0,1.0,1,42,10,5,5,2,3,10,1.0,1,0.7000000000000001
523,524,1,6,0,0,0,0,0,1,2,2,1,2,2,2,4,2,2,2,3,1,2,1,0,0,0,,0,35,10,4,5,2,3,8,3.0,1,0.35
524,525,3,"1, 2, 3, 5",1,1,1,0,1,0,1,"1, 2, 3, 4",4,3,2,4,4,4,1,1,5,4,2,1,1,0,0,1.0,1,47,10,2,3,2,1,13,1.0,1,0.55
525,526,1,"1, 2, 5",1,1,0,0,1,0,2,1,1,3,4,3,4,3,3,3,3,3,2,1,0,0,0,,1,37,10,4,4,2,3,10,1.0,1,0.49999999999999994
526,527,2,"1, 2, 5, 6",1,1,0,0,1,1,4,"2, 3",2,4,5,5,5,5,5,4,5,3,1,1,0,0,0,,0,28,8,4,1,1,3,8,1.0,1,0.7000000000000001
527,528,3,6,0,0,0,0,0,1,3,1,1,2,3,3,3,5,3,3,5,3,2,1,0,0,0,1.0,0,29,10,4,7,2,1,10,1.0,1,0.6000000000000001
528,529,3,5,0,0,0,0,1,0,2,"1, 2, 3",3,5,5,5,5,3,5,5,5,5,1,1,1,1,0,1.0,0,23,11,5,1,1,3,11,1.0,1,0.8
529,530,2,1,1,0,0,0,0,0,3,2,1,5,5,3,4,3,3,4,4,4,3,1,0,1,0,0.0,0,28,8,4,5,2,1,10,1.0,1,0.6000000000000001
530,531,2,1,1,0,0,0,0,0,3,2,1,5,5,4,5,1,4,4,5,5,2,1,1,0,0,0.0,0,28,10,4,5,2,4,10,3.0,1,0.75
531,532,2,"1, 6",1,0,0,0,0,1,1,"3, 4",2,3,4,1,4,5,1,3,3,1,1,1,1,0,0,0.0,1,34,7,4,5,2,3,11,1.0,4,0.3
532,533,3,"1, 5, 6",1,0,0,0,1,1,1,"1, 2, 3",3,5,1,1,1,3,1,5,3,1,2,1,0,0,1,0.0,0,29,11,5,4,3,1,13,1.0,4,0.3
533,534,3,"1, 2, 4, 5, 6",1,1,0,1,1,1,2,"1, 2, 3, 4",4,4,4,3,4,4,3,4,4,4,1,1,0,0,0,1.0,0,26,8,5,5,2,3,10,1.0,1,0.6000000000000001
534,535,2,"1, 2",1,1,0,0,0,0,4,"2, 4",2,4,4,2,4,2,4,4,4,3,1,1,1,0,0,1.0,1,26,13,4,4,2,3,13,1.0,1,0.6000000000000001
535,536,3,5,0,0,0,0,1,0,2,3,1,4,4,4,4,4,4,4,4,1,2,1,0,0,0,1.0,1,32,8,4,5,2,3,10,1.0,1,0.5
536,537,3,2,0,1,0,0,0,0,3,"1, 2",2,5,5,4,5,4,4,4,4,4,1,1,0,0,0,1.0,0,24,9,4,5,2,4,9,3.0,1,0.6500000000000001
537,538,2,"1, 2, 4",1,1,0,1,0,0,4,"1, 4",2,4,3,4,4,4,4,4,4,5,2,1,1,0,0,,1,46,9,4,7,4,1,10,1.0,1,0.7000000000000001
538,539,3,"2, 3, 5, 6",0,1,1,0,1,1,3,"1, 2, 3, 4",4,4,5,3,3,4,4,4,3,3,"1, 3",2,1,0,0,1.0,0,18,8,3,1,1,1,8,1.0,1,0.6
539,540,3,"1, 2, 4, 5, 6",1,1,0,1,1,1,4,"1, 2, 4",3,4,4,4,4,4,4,3,4,4,3,1,1,1,0,0.0,0,22,9,0,5,2,4,9,3.0,1,0.6500000000000001
540,541,3,"1, 2, 3, 4, 5, 6",1,1,1,1,1,1,4,"1, 2, 3, 4",4,3,3,3,3,3,3,3,4,3,1,1,0,1,0,1.0,0,36,10,5,5,2,2,10,1.0,1,0.55
541,542,2,"1, 4",1,0,0,1,0,0,3,"1, 2, 4",3,4,4,4,5,4,3,4,4,5,"3, 4",2,1,0,1,0.0,1,42,13,5,5,3,1,13,1.0,1,0.7
542,543,1,"1, 2, 4, 6",1,1,0,1,0,1,2,3,1,2,3,3,3,4,4,3,3,3,1,1,0,0,0,,1,30,14,4,4,3,1,13,1.0,1,0.55
543,544,2,"1, 2, 5, 6",1,1,0,0,1,1,4,"1, 2, 3, 4",4,5,5,4,5,5,4,5,5,4,1,1,1,0,0,,0,23,9,4,5,2,4,9,3.0,1,0.7000000000000001
544,545,3,"1, 2, 3, 4, 5",1,1,1,1,1,0,3,"1, 2, 3",3,5,4,4,4,4,4,3,4,3,2,1,1,0,0,1.0,0,22,9,4,1,1,4,9,4.0,1,0.6000000000000001
545,546,1,"1, 5",1,0,0,0,1,0,4,"3, 4",2,3,1,1,4,3,3,3,3,3,1,1,0,0,0,,1,40,7,5,7,4,1,7,2.0,4,0.49999999999999994
546,547,3,"1, 2, 4, 5",1,1,0,1,1,0,3,"1, 2, 3, 4",4,3,5,5,4,3,5,5,3,3,2,1,0,0,0,1.0,0,27,14,4,5,2,3,14,1.0,4,0.6000000000000001
547,548,2,"1, 6",1,0,0,0,0,1,3,"1, 2, 3, 4",4,3,4,2,3,3,2,2,3,2,1,1,1,0,0,,0,23,8,4,1,1,1,10,1.0,1,0.39999999999999997
548,549,3,5,0,0,0,0,1,0,3,3,1,4,4,4,4,4,5,2,3,3,1,1,1,0,0,0.0,1,27,10,4,5,2,1,10,1.0,1,0.6000000000000001
549,550,2,"1, 2, 3",1,1,1,0,0,0,4,"1, 2, 4",3,4,4,4,4,4,4,3,4,3,2,1,1,0,0,0.0,0,24,9,4,5,2,4,9,3.0,1,0.6000000000000001
550,551,2,"1, 2, 3",1,1,1,0,0,0,4,"1, 2, 4",3,4,4,4,4,4,3,3,4,3,2,1,1,1,0,1.0,0,24,9,4,5,2,4,9,3.0,1,0.55
551,552,3,5,0,0,0,0,1,0,4,1,1,4,4,3,4,4,5,3,3,3,1,1,0,0,0,,0,23,7,4,5,2,1,7,1.0,1,0.6000000000000001
552,553,2,5,0,0,0,0,1,0,1,3,1,4,4,4,4,4,4,4,4,4,1,1,0,0,0,1.0,0,26,9,5,5,2,3,9,1.0,1,0.6500000000000001
553,554,3,6,0,0,0,0,0,1,2,3,1,4,1,3,3,5,4,3,3,3,1,1,0,0,0,0.0,0,20,10,0,1,1,1,10,1.0,2,0.55
554,555,3,"1, 2",1,1,0,0,0,0,3,"1, 2, 3",3,4,4,4,4,1,4,4,4,3,3,1,0,0,0,1.0,0,24,9,4,5,2,4,9,3.0,1,0.6000000000000001
555,556,2,"1, 2, 3",1,1,1,0,0,0,4,"1, 2, 4",3,4,4,4,4,4,3,3,4,3,2,1,1,0,0,0.0,0,24,9,4,5,2,4,9,3.0,1,0.55
556,557,3,5,0,0,0,0,1,0,4,1,1,4,4,3,4,4,5,4,4,4,2,1,0,0,0,,0,32,10,5,7,2,1,10,1.0,1,0.7000000000000001
557,558,2,5,0,0,0,0,1,0,4,1,1,5,5,4,5,4,5,5,5,5,3,1,1,1,1,1.0,0,23,9,4,7,2,4,9,3.0,1,0.8
558,559,2,4,0,0,0,1,0,0,1,3,1,3,3,4,5,3,5,3,4,3,3,1,1,1,1,1.0,0,17,14,3,2,1,3,14,1.0,1,0.65
559,560,3,5,0,0,0,0,1,0,4,3,1,5,5,5,5,3,3,3,5,3,1,1,0,0,0,1.0,1,27,10,2,3,2,3,10,1.0,1,0.6000000000000001
560,561,3,"1, 2, 3, 5",1,1,1,0,1,0,3,"1, 2",2,5,4,1,5,4,4,5,5,4,1,1,0,0,0,,0,20,9,4,5,2,4,9,3.0,1,0.7000000000000001
561,562,2,2,0,1,0,0,0,0,2,1,1,5,5,5,5,4,1,1,5,1,2,1,0,0,0,0.0,0,41,9,4,5,2,4,9,3.0,1,0.39999999999999997
562,563,2,"1, 2, 4, 5, 6",1,1,0,1,1,1,3,"1, 2, 3, 4",4,5,4,2,4,4,4,4,5,4,1,1,1,1,0,,0,33,10,5,5,2,3,10,1.0,1,0.7000000000000001
563,564,2,2,0,1,0,0,0,0,3,1,1,4,5,1,5,4,4,5,5,5,2,1,0,0,0,0.0,0,22,9,4,5,1,3,9,1.0,1,0.75
564,565,3,"1, 2, 3, 4, 5, 6",1,1,1,1,1,1,3,"1, 2, 3, 4",4,4,4,4,5,5,4,4,3,3,1,1,0,0,0,,0,24,10,4,5,2,3,10,1.0,4,0.55
565,566,3,"2, 4, 5",0,1,0,1,1,0,3,1,1,5,5,3,5,4,5,4,4,4,2,1,1,0,0,,0,21,9,4,5,2,3,9,1.0,1,0.7000000000000001
566,567,3,6,0,0,0,0,0,1,4,4,1,1,1,1,1,1,1,1,1,1,2,1,0,0,0,0.0,1,23,1,1,2,5,3,1,4.0,4,0.2
567,568,3,"1, 2",1,1,0,0,0,0,1,"3, 4",2,5,5,1,5,1,4,3,3,3,1,1,1,0,0,0.0,0,26,9,4,7,1,4,9,3.0,1,0.55
568,569,2,"1, 2, 5",1,1,0,0,1,0,4,"1, 2, 3, 4",4,4,5,4,5,3,3,5,3,3,2,1,0,0,0,,1,28,10,5,5,2,1,13,1.0,4,0.49999999999999994
569,570,3,"1, 2, 4, 5",1,1,0,1,1,0,4,"1, 2",2,5,3,5,5,1,4,3,4,1,2,1,0,0,0,0.0,1,38,10,4,7,5,3,10,1.0,4,0.5
570,571,1,"1, 2, 4, 6",1,1,0,1,0,1,3,1,1,5,5,5,5,4,5,5,5,4,1,1,0,0,0,0.0,1,46,13,4,5,2,1,13,1.0,4,0.75
571,572,2,2,0,1,0,0,0,0,3,2,1,5,5,4,4,4,3,3,4,2,2,1,0,0,0,0.0,0,27,10,4,5,2,2,10,1.0,1,0.49999999999999994
572,573,2,"1, 4, 5, 6",1,0,0,1,1,1,3,"1, 3, 4",3,5,4,3,4,4,4,4,3,3,2,1,1,0,0,,1,46,9,4,7,4,1,10,1.0,1,0.55
573,574,1,2,0,1,0,0,0,0,2,1,1,1,5,1,1,1,1,1,1,1,2,1,0,0,0,,0,32,3,4,7,2,3,3,2.0,2,0.2
574,575,3,"2, 4, 5",0,1,0,1,1,0,1,"2, 3, 4",3,4,4,5,5,5,5,5,4,5,1,1,0,0,0,0.0,1,25,5,4,4,2,3,5,2.0,1,0.75
575,576,2,"1, 2, 3, 5",1,1,1,0,1,0,1,"2, 3, 4",3,2,5,4,1,1,1,2,2,1,1,1,1,0,0,1.0,0,36,10,4,5,2,2,10,1.0,2,0.25
576,577,2,"1, 2, 3, 4, 5, 6",1,1,1,1,1,1,4,"1, 2, 3, 4",4,4,3,3,3,4,4,4,4,4,"1, 3",2,1,1,0,,0,23,10,4,7,4,1,10,1.0,1,0.7000000000000001
577,578,3,"1, 4, 5",1,0,0,1,1,0,1,"1, 2, 3",3,3,1,2,3,4,5,3,5,2,1,1,0,0,0,0.0,1,15,13,3,1,1,1,13,1.0,1,0.65
578,579,1,"1, 2, 3, 4, 5",1,1,1,1,1,0,3,"1, 2, 3, 4",4,5,5,5,5,1,1,1,5,1,1,1,1,0,0,1.0,1,23,10,4,4,2,1,10,1.0,1,0.39999999999999997
579,580,2,"1, 2, 6",1,1,0,0,0,1,3,"2, 4",2,5,5,4,5,4,4,4,4,5,1,1,1,0,1,1.0,1,25,1,4,1,1,3,1,2.0,3,0.7000000000000001
580,581,3,5,0,0,0,0,1,0,3,"2, 4",2,4,2,1,3,1,2,2,4,1,3,1,1,0,0,,0,24,8,4,5,2,4,8,3.0,1,0.4
581,582,3,"1, 2, 3, 4, 5, 6",1,1,1,1,1,1,2,4,1,5,5,5,5,5,5,5,5,5,3,1,1,0,0,0.0,1,40,13,3,6,2,3,11,1.0,2,0.8
582,583,3,"1, 2, 3, 4, 5, 6",1,1,1,1,1,1,4,"1, 2, 3, 4",4,5,5,5,5,5,5,5,5,5,4,1,1,1,1,1.0,1,27,10,4,7,3,3,10,1.0,1,0.8
583,584,2,"1, 2, 3, 4, 5, 6",1,1,1,1,1,1,3,"2, 3",2,4,5,4,4,4,4,4,3,1,2,1,0,0,0,0.0,1,43,1,4,5,2,3,8,1.0,1,0.44999999999999996
584,585,2,"1, 2, 5",1,1,0,0,1,0,4,"1, 2, 4",3,5,4,3,5,4,3,3,5,3,2,1,0,0,0,0.0,1,43,13,4,5,2,4,13,3.0,2,0.6000000000000001
585,586,3,"4, 5, 6",0,0,0,1,1,1,2,"1, 2, 3",3,1,1,1,4,2,4,1,4,4,1,1,1,0,0,,0,28,10,4,5,2,4,10,3.0,1,0.6500000000000001
586,587,3,1,1,0,0,0,0,0,4,4,1,5,5,4,5,2,3,4,4,3,1,1,1,0,0,1.0,1,39,10,4,6,2,1,10,1.0,2,0.55
587,588,2,"1, 2, 3, 4, 5, 6",1,1,1,1,1,1,3,"2, 3",2,4,4,4,4,5,4,3,3,3,3,1,1,0,0,0.0,1,21,9,0,1,1,4,9,3.0,1,0.55
588,589,3,"1, 2, 4, 5",1,1,0,1,1,0,4,"1, 2, 3, 4",4,5,4,2,5,4,5,5,3,2,3,1,1,0,0,0.0,0,22,8,0,1,1,3,8,1.0,1,0.55
589,590,2,1,1,0,0,0,0,0,2,"1, 2, 3",3,4,3,2,5,4,1,1,4,1,1,1,1,0,0,1.0,1,23,10,4,4,2,1,10,2.0,1,0.35
590,591,2,"1, 2, 5, 6",1,1,0,0,1,1,3,"2, 3, 4",3,3,4,2,4,3,3,3,4,1,3,1,1,0,0,1.0,1,23,10,4,1,1,1,10,1.0,1,0.44999999999999996
591,592,2,6,0,0,0,0,0,1,2,2,1,4,4,3,4,5,3,3,4,3,2,1,0,0,0,0.0,1,22,10,0,1,1,1,10,1.0,1,0.55
592,593,3,3,0,0,1,0,0,0,1,2,1,5,5,5,5,4,4,4,4,4,2,1,1,0,0,1.0,1,25,10,4,4,2,1,10,1.0,1,0.6500000000000001
593,594,2,"2, 5",0,1,0,0,1,0,3,2,1,5,5,3,5,3,3,4,4,4,1,1,1,0,0,1.0,0,24,8,4,5,2,1,1,1.0,1,0.6000000000000001
594,595,3,"1, 2, 3, 4, 5, 6",1,1,1,1,1,1,4,"1, 2, 3, 4",4,5,5,5,5,5,4,4,4,3,1,1,1,0,0,,1,23,10,0,1,1,1,10,1.0,1,0.6000000000000001
595,596,2,2,0,1,0,0,0,0,1,1,1,5,5,4,5,4,5,4,5,4,2,1,1,0,0,1.0,0,28,8,4,5,2,3,8,3.0,2,0.75
596,597,3,"1, 2, 4, 5",1,1,0,1,1,0,3,2,1,5,4,3,5,4,4,4,3,1,2,1,1,1,0,0.0,0,23,9,4,5,2,3,9,1.0,1,0.44999999999999996
597,598,2,"1, 2, 6",1,1,0,0,0,1,2,"1, 3, 4",3,4,4,2,4,5,3,3,3,3,1,1,1,0,0,,0,29,10,4,4,3,1,13,,4,0.49999999999999994
598,599,2,2,0,1,0,0,0,0,4,3,1,3,3,3,3,3,3,3,3,3,2,1,1,0,0,,0,28,10,4,7,3,1,13,1.0,1,0.49999999999999994
599,600,3,"1, 2, 5, 6",1,1,0,0,1,1,2,"1, 2, 3, 4",4,4,4,2,4,4,5,3,4,1,1,1,0,0,0,,0,28,10,4,4,4,1,10,1.0,1,0.55
600,601,1,"1, 2, 4",1,1,0,1,0,0,2,3,1,5,5,3,3,5,5,5,5,3,2,1,0,0,0,0.0,0,28,10,4,5,3,1,10,1.0,1,0.7000000000000001
601,602,2,"1, 2, 6",1,1,0,0,0,1,2,"1, 2, 3, 4",4,4,4,3,5,4,3,4,5,5,"1, 2",2,1,0,0,,1,24,10,4,7,2,4,10,4.0,1,0.75
602,603,3,"1, 5, 6",1,0,0,0,1,1,3,"1, 2, 3, 4",4,3,4,4,5,5,4,4,5,5,2,1,1,0,0,1.0,1,23,10,4,7,2,1,10,1.0,1,0.75
603,604,2,"1, 2",1,1,0,0,0,0,3,"2, 3, 4",3,3,5,1,5,3,2,3,4,3,1,1,0,0,0,,0,23,11,4,1,1,3,11,1.0,4,0.5000000000000001
604,605,2,"1, 2",1,1,0,0,0,0,3,"2, 3, 4",3,3,5,1,5,3,2,3,4,3,1,1,0,0,0,,0,23,11,4,1,1,3,11,1.0,4,0.5000000000000001
605,606,3,"1, 6",1,0,0,0,0,1,3,3,1,1,5,1,5,5,4,3,3,1,2,1,0,0,0,0.0,0,28,10,4,7,3,1,10,1.0,4,0.44999999999999996
606,607,2,6,0,0,0,0,0,1,4,"1, 4",2,4,4,4,4,5,5,2,4,3,2,1,1,1,0,1.0,1,32,10,4,7,5,3,10,1.0,1,0.65
607,608,3,"1, 5",1,0,0,0,1,0,3,1,1,3,3,4,5,1,4,3,4,4,2,1,0,0,0,0.0,0,28,10,4,7,3,4,10,3.0,1,0.6500000000000001
608,609,2,5,0,0,0,0,1,0,2,"1, 3",2,3,4,1,3,3,2,2,3,1,2,1,0,0,0,0.0,0,27,7,4,5,2,3,7,2.0,4,0.35
609,610,3,"1, 2",1,1,0,0,0,0,1,2,1,3,4,4,5,1,1,3,3,1,2,1,0,0,0,0.0,0,29,8,5,5,2,1,10,1.0,1,0.3
610,611,2,"1, 2, 3",1,1,1,0,0,0,3,"1, 2, 3, 4",4,5,5,3,3,3,3,5,2,3,2,1,1,1,0,1.0,1,22,1,4,1,1,1,1,2.0,4,0.45
611,612,1,4,0,0,0,1,0,0,1,3,1,3,3,1,3,4,5,5,3,1,2,1,0,0,0,0.0,0,28,10,4,4,2,1,10,2.0,1,0.5
612,613,2,"1, 2, 5",1,1,0,0,1,0,2,"1, 2",2,5,5,1,4,1,1,1,4,1,1,1,0,0,0,0.0,0,52,10,6,5,2,1,10,1.0,1,0.35
613,614,3,"1, 2, 5",1,1,0,0,1,0,4,"1, 2, 3, 4",4,5,5,1,3,4,5,2,5,4,1,1,1,0,0,1.0,0,28,10,5,5,2,1,10,1.0,1,0.75
614,615,2,"1, 2, 5",1,1,0,0,1,0,3,"1, 2, 4",3,5,5,1,5,1,1,1,5,1,1,1,1,0,0,1.0,1,35,8,4,4,3,3,8,1.0,1,0.39999999999999997
615,616,3,6,0,0,0,0,0,1,2,3,1,3,4,4,3,5,4,1,4,2,2,1,1,0,0,0.0,0,28,10,4,5,2,1,10,1.0,1,0.55
616,617,3,"1, 2, 4, 5",1,1,0,1,1,0,4,"1, 2, 4",3,4,4,2,4,2,4,5,4,5,2,1,1,0,0,0.0,1,38,8,5,5,2,1,13,1.0,1,0.7000000000000001
617,618,2,"1, 2, 6",1,1,0,0,0,1,3,2,1,4,4,3,5,4,1,1,4,3,1,1,0,0,0,0.0,0,51,10,4,7,3,1,10,1.0,1,0.45
618,619,2,"1, 2, 6",1,1,0,0,0,1,3,"2, 3",2,4,5,4,4,4,4,3,3,4,2,1,1,0,1,1.0,0,24,9,4,1,1,3,9,2.0,1,0.6000000000000001
619,620,3,"1, 2, 4, 5, 6",1,1,0,1,1,1,1,"2, 3",2,5,5,1,5,4,4,5,5,4,1,1,1,0,0,,0,26,10,5,5,2,4,10,3.0,1,0.7000000000000001
620,621,3,"1, 2, 4, 5",1,1,0,1,1,0,1,"2, 3, 4",3,4,4,1,4,4,4,5,4,4,"1, 2",2,1,0,0,0.0,0,18,13,3,1,1,1,13,1.0,1,0.7000000000000001
621,622,3,"1, 2, 5",1,1,0,0,1,0,4,"1, 2, 4",3,4,4,4,5,4,4,5,5,4,3,1,1,1,1,1.0,1,39,4,5,5,2,3,4,2.0,1,0.7000000000000001
622,623,3,"1, 2, 4, 5",1,1,0,1,1,0,4,"1, 2, 3, 4",4,5,3,3,4,1,1,1,4,1,2,1,1,0,0,0.0,1,30,8,4,4,2,1,10,1.0,1,0.35
623,624,3,"1, 2, 3, 5",1,1,1,0,1,0,2,"2, 3",2,3,5,4,5,4,5,1,3,1,2,1,0,0,0,1.0,0,29,10,5,7,2,1,10,1.0,1,0.5
624,625,3,"1, 2, 3, 5",1,1,1,0,1,0,4,"1, 2, 4",3,5,5,5,5,3,3,3,5,5,3,1,1,0,0,,1,43,9,4,7,5,1,10,1.0,1,0.7000000000000001
625,626,3,"1, 2, 3, 5",1,1,1,0,1,0,4,"1, 2, 4",3,5,5,5,5,3,3,3,5,5,3,1,1,0,0,,1,43,9,4,7,5,1,10,1.0,1,0.7000000000000001
626,627,2,6,0,0,0,0,0,1,3,"2, 3",2,3,4,4,4,5,4,4,5,2,1,1,1,0,1,1.0,0,26,8,5,5,2,1,8,1.0,1,0.6000000000000001
627,628,1,"1, 2, 5",1,1,0,0,1,0,1,"1, 2, 3, 4",4,5,5,2,4,2,3,5,5,2,4,1,0,0,0,0.0,1,41,13,5,7,5,1,13,1.0,1,0.55
628,629,3,"1, 2, 3, 4, 5",1,1,1,1,1,0,4,"1, 3, 4",3,3,5,4,5,4,4,4,3,4,2,1,0,0,0,,1,23,10,4,4,2,2,10,1.0,1,0.6000000000000001
629,630,3,"1, 2, 4",1,1,0,1,0,0,2,"2, 3",2,5,4,5,5,4,1,1,5,1,2,1,1,0,0,,0,33,8,5,5,2,3,14,1.0,1,0.39999999999999997
630,631,3,"2, 3, 4",0,1,1,1,0,0,1,3,1,4,5,3,2,4,4,3,3,2,2,1,0,0,0,0.0,0,28,10,5,4,4,5,15,2.0,1,0.49999999999999994
631,632,3,"1, 2, 6",1,1,0,0,0,1,4,"1, 2, 3, 4",4,4,4,4,5,5,4,4,4,4,1,1,1,1,0,0.0,1,28,10,4,4,4,1,13,1.0,1,0.6500000000000001
632,633,3,"1, 5, 6",1,0,0,0,1,1,3,"1, 2, 3, 4",4,5,4,4,5,4,4,4,5,5,3,1,1,0,1,1.0,1,28,4,4,7,5,3,4,2.0,1,0.75
633,634,1,"2, 4, 5, 6",0,1,0,1,1,1,3,"2, 3, 4",3,5,5,4,3,4,4,1,5,1,1,1,0,0,0,0.0,1,17,10,0,1,1,1,10,1.0,1,0.55
634,635,2,"1, 2, 4, 5",1,1,0,1,1,0,4,"1, 2, 3, 4",4,4,4,3,4,3,4,4,4,3,2,1,1,0,0,0.0,0,23,9,4,1,1,3,9,1.0,1,0.6000000000000001
635,636,2,"1, 2, 3, 4, 5, 6",1,1,1,1,1,1,4,"1, 2, 3, 4",4,4,4,4,5,4,5,5,5,1,2,1,1,0,0,,0,19,9,0,5,2,4,9,4.0,1,0.6000000000000001
636,637,2,"1, 2, 4, 5, 6",1,1,0,1,1,1,3,"2, 3, 4",3,4,5,1,5,4,4,4,5,4,1,1,1,0,0,0.0,0,23,8,4,1,2,4,8,3.0,1,0.7000000000000001
637,638,2,"4, 5",0,0,0,1,1,0,3,"2, 3",2,2,4,4,5,1,5,4,5,5,2,1,0,1,1,,1,23,10,4,4,2,1,10,1.0,1,0.8
638,639,2,"1, 2, 3, 5",1,1,1,0,1,0,1,"1, 2, 3, 4",4,5,5,3,4,4,1,1,4,1,2,1,0,0,0,0.0,0,57,13,4,7,3,1,10,1.0,1,0.35
639,640,3,1,1,0,0,0,0,0,2,1,1,5,4,1,5,4,1,1,4,4,1,1,1,0,0,,0,48,10,6,5,2,1,10,1.0,1,0.5
640,641,3,"1, 2, 5, 6",1,1,0,0,1,1,3,"2, 3, 4",3,2,4,1,3,4,2,2,1,2,1,1,1,0,0,,0,21,13,0,1,1,1,13,1.0,1,0.3
641,642,3,"1, 2, 4, 5",1,1,0,1,1,0,1,"1, 2, 3, 4",4,2,1,1,3,1,1,2,2,2,2,1,1,0,0,1.0,0,45,13,6,5,2,1,13,1.0,1,0.3
642,643,2,"1, 2, 5",1,1,0,0,1,0,2,"1, 2, 4",3,4,4,1,4,4,4,5,4,3,3,1,1,0,0,0.0,0,28,10,4,5,2,3,10,1.0,1,0.6000000000000001
643,644,2,"1, 2, 3, 4, 5, 6",1,1,1,1,1,1,2,"1, 2, 3",3,5,5,5,5,4,4,5,5,3,1,1,0,0,0,0.0,1,27,10,4,7,2,1,10,1.0,1,0.65
644,645,3,"1, 2, 3, 4, 5",1,1,1,1,1,0,2,"1, 2",2,4,4,2,5,4,4,1,5,2,2,1,1,0,0,0.0,0,21,13,4,1,1,1,13,1.0,1,0.6000000000000001
645,646,2,1,1,0,0,0,0,0,2,2,1,3,5,3,4,4,4,1,4,1,2,1,0,0,0,0.0,0,30,10,4,5,2,4,10,3.0,4,0.5
646,647,3,3,0,0,1,0,0,0,3,1,1,5,4,2,4,2,2,3,4,2,2,1,1,0,0,0.0,0,32,10,5,5,2,3,10,1.0,1,0.45
647,648,3,1,1,0,0,0,0,0,1,1,1,5,4,4,4,5,1,4,2,2,2,1,0,0,0,0.0,1,35,10,5,5,2,3,10,1.0,1,0.3
648,649,2,"1, 2",1,1,0,0,0,0,4,"1, 3, 4",3,5,5,3,4,4,4,5,4,5,3,1,0,0,0,0.0,1,63,11,4,4,4,1,13,1.0,1,0.7000000000000001
649,650,2,"1, 2, 3, 5",1,1,1,0,1,0,2,"1, 2",2,5,4,3,4,3,3,4,4,4,2,1,1,0,0,,0,52,8,6,5,2,1,10,1.0,4,0.6000000000000001
650,651,3,"1, 5, 6",1,0,0,0,1,1,3,"1, 2, 3, 4",4,5,4,2,4,5,3,2,3,3,1,1,0,0,0,0.0,0,31,13,4,4,4,1,13,1.0,1,0.49999999999999994
651,652,1,2,0,1,0,0,0,0,2,1,1,1,5,1,1,1,1,1,1,1,2,1,1,0,0,0.0,0,32,3,4,7,2,3,3,2.0,2,0.2
652,653,3,"1, 2, 4, 6",1,1,0,1,0,1,1,"2, 3, 4",3,1,4,1,1,4,4,1,1,1,1,1,0,0,0,0.0,0,29,10,4,5,1,3,10,1.0,1,0.35
653,654,1,2,0,1,0,0,0,0,1,"3, 4",2,5,4,1,4,4,2,3,4,4,2,1,0,0,0,,1,18,10,0,1,1,1,10,1.0,1,0.55
654,655,1,"1, 2",1,1,0,0,0,0,3,2,1,5,4,2,5,4,1,3,4,1,2,1,0,0,1,1.0,0,40,10,6,5,2,2,10,1.0,1,0.35
655,656,2,"1, 2",1,1,0,0,0,0,2,4,1,5,5,3,3,3,3,3,5,3,3,1,1,0,1,1.0,1,45,10,4,7,2,1,10,1.0,2,0.6000000000000001
656,657,2,"1, 2, 5, 6",1,1,0,0,1,1,3,"1, 2, 4",3,5,5,1,4,4,4,5,5,4,3,1,0,0,0,,1,65,10,4,4,2,1,10,1.0,1,0.7000000000000001
657,658,2,"1, 2, 5",1,1,0,0,1,0,1,"1, 2, 3",3,4,4,3,4,2,2,4,3,4,3,1,0,0,0,0.0,1,54,7,5,7,5,1,13,1.0,4,0.5
658,659,3,1,1,0,0,0,0,0,1,1,1,4,4,4,4,4,4,1,3,3,2,1,0,0,0,0.0,0,39,13,4,2,1,1,13,1.0,1,0.55
659,660,3,"1, 2, 4, 5, 6",1,1,0,1,1,1,2,"2, 3, 4",3,4,5,2,4,4,4,4,3,3,1,1,1,0,0,,0,24,10,4,7,3,1,10,1.0,1,0.55
660,661,2,"1, 2, 4, 5",1,1,0,1,1,0,3,"1, 2, 3, 4",4,4,4,3,5,4,2,3,5,3,3,1,1,0,0,,0,24,8,4,1,1,3,10,1.0,1,0.55
661,662,2,5,0,0,0,0,1,0,3,3,1,4,5,4,4,4,4,4,3,1,2,1,0,0,0,1.0,0,27,10,5,5,2,3,10,1.0,1,0.44999999999999996
662,663,1,"3, 4",0,0,1,1,0,0,3,3,1,4,4,3,5,4,5,5,4,4,3,1,0,0,0,,0,31,10,4,5,2,3,10,3.0,2,0.7000000000000001
663,664,3,"1, 4, 5, 6",1,0,0,1,1,1,4,"1, 2, 3, 4",4,4,4,1,5,5,4,2,3,2,1,1,1,0,0,1.0,0,23,1,4,1,1,3,1,1.0,1,0.49999999999999994
664,665,3,"1, 2, 5, 6",1,1,0,0,1,1,4,"1, 2, 3, 4",4,5,5,4,5,4,4,5,4,5,3,1,1,1,0,1.0,0,22,8,4,4,2,1,10,1.0,4,0.7000000000000001
665,666,2,1,1,0,0,0,0,0,3,2,1,5,5,1,4,1,5,4,4,1,2,1,1,0,0,0.0,0,30,10,4,5,2,4,10,3.0,2,0.55
666,667,3,1,1,0,0,0,0,0,1,2,1,5,4,3,4,3,2,3,4,5,2,1,0,0,0,1.0,0,21,7,4,1,1,4,7,4.0,1,0.6000000000000001
667,668,3,"1, 2, 3, 4, 5, 6",1,1,1,1,1,1,3,"1, 2, 3, 4",4,4,5,4,4,5,5,4,4,5,1,1,1,0,0,0.0,1,24,10,4,7,3,1,10,1.0,1,0.75
668,669,3,"1, 2, 4, 5",1,1,0,1,1,0,2,"1, 2",2,5,5,3,5,4,4,4,4,4,1,1,1,0,0,0.0,0,26,10,4,5,2,1,10,1.0,1,0.6500000000000001
669,670,2,"1, 2",1,1,0,0,0,0,4,"1, 4",2,5,5,3,5,3,5,4,5,5,3,1,1,0,0,0.0,1,63,11,4,4,4,1,13,1.0,1,0.8
670,671,2,"1, 2, 3, 4, 5",1,1,1,1,1,0,1,2,1,3,5,3,5,3,4,5,5,1,2,1,1,0,0,,0,27,10,4,5,2,4,10,3.0,2,0.55
671,672,3,"1, 2, 4, 5, 6",1,1,0,1,1,1,3,"1, 2, 3, 4",4,5,5,4,5,5,5,4,3,4,1,1,0,0,0,1.0,0,30,8,4,5,2,4,8,3.0,1,0.6500000000000001
672,673,2,"1, 3, 4, 6",1,0,1,1,0,1,1,"1, 2, 3",3,5,4,4,5,2,2,4,4,5,2,1,0,0,0,0.0,0,21,8,3,1,1,1,8,1.0,1,0.6000000000000001
673,674,3,"1, 2, 3, 4, 5, 6",1,1,1,1,1,1,3,"1, 2, 3, 4",4,5,4,4,5,5,4,4,4,4,1,1,1,1,0,0.0,1,28,10,4,7,1,4,10,1.0,1,0.6500000000000001
674,675,1,2,0,1,0,0,0,0,1,1,1,5,4,4,5,4,2,4,4,4,1,1,1,0,0,0.0,0,47,10,6,5,2,1,7,1.0,1,0.55
675,676,2,"1, 2, 4, 5",1,1,0,1,1,0,2,"1, 2, 3",3,4,4,1,5,1,4,4,4,4,"1, 3, 2",3,1,1,0,0.0,0,30,9,5,5,2,4,9,3.0,1,0.7500000000000001
676,677,2,1,1,0,0,0,0,0,4,4,1,5,4,4,5,4,4,4,5,3,3,1,1,0,0,1.0,1,30,9,4,3,1,2,15,1.0,4,0.65
677,678,3,"1, 2, 3, 4",1,1,1,1,0,0,4,"1, 2, 4",3,5,5,4,5,4,5,5,5,5,2,1,1,0,0,,1,28,10,4,4,2,3,10,1.0,1,0.8
678,679,2,"1, 2, 5",1,1,0,0,1,0,2,"1, 2, 3, 4",4,3,5,1,4,2,1,1,1,1,2,1,0,0,0,0.0,0,38,13,4,4,4,1,13,1.0,1,0.2
679,680,2,"1, 5, 6",1,0,0,0,1,1,2,"1, 2, 3, 4",4,4,2,1,4,5,3,3,4,2,1,1,1,0,1,0.0,0,18,8,4,1,1,3,10,1.0,1,0.49999999999999994
680,681,3,6,0,0,0,0,0,1,3,"1, 3",2,3,4,3,4,4,4,3,2,3,1,1,0,0,0,0.0,1,36,10,4,5,1,3,10,1.0,4,0.5000000000000001
681,682,2,"1, 2, 5",1,1,0,0,1,0,1,"1, 2, 3, 4",4,5,5,1,3,3,3,1,3,1,2,1,1,0,0,0.0,0,24,8,4,7,3,3,8,1.0,1,0.39999999999999997
682,683,2,"1, 2, 4",1,1,0,1,0,0,3,"1, 2",2,5,5,4,5,4,5,4,4,4,1,1,1,0,0,,0,22,8,0,1,1,1,8,3.0,1,0.7000000000000001
683,684,3,"1, 2, 6",1,1,0,0,0,1,2,"2, 3",2,2,4,1,1,5,1,1,1,1,2,1,1,0,0,0.0,0,30,8,5,5,2,4,8,3.0,1,0.2
684,685,3,"1, 2, 3, 4, 5",1,1,1,1,1,0,1,"1, 2, 3, 4",4,5,5,5,5,4,5,4,5,5,3,1,1,1,1,1.0,1,44,10,4,4,3,1,10,1.0,1,0.8
685,686,1,2,0,1,0,0,0,0,1,2,1,3,5,5,5,3,2,5,5,5,1,1,0,0,0,1.0,1,52,9,5,5,2,2,9,1.0,1,0.65
686,687,3,"1, 2, 5",1,1,0,0,1,0,2,2,1,3,5,1,5,1,1,1,4,1,2,1,1,0,0,0.0,0,50,9,6,5,2,1,13,1.0,1,0.35
687,688,2,"1, 2, 3, 4, 5, 6",1,1,1,1,1,1,3,"1, 2, 3, 4",4,5,5,5,5,4,3,4,5,5,2,1,1,0,0,,1,28,10,4,4,3,3,10,1.0,1,0.7000000000000001
688,689,2,"1, 4, 5, 6",1,0,0,1,1,1,2,"2, 3, 4",3,4,4,3,3,5,5,3,3,3,2,1,0,0,0,1.0,0,23,13,4,1,1,1,10,1.0,1,0.6000000000000001
689,690,1,2,0,1,0,0,0,0,2,1,1,4,5,4,4,2,4,4,4,3,1,1,0,0,0,0.0,0,47,10,6,5,2,1,7,2.0,1,0.6000000000000001
690,691,2,"1, 2",1,1,0,0,0,0,1,3,1,5,5,2,4,2,3,2,5,3,3,1,1,0,0,0.0,0,25,10,4,7,2,4,10,3.0,1,0.6000000000000001
691,692,3,"1, 2, 4",1,1,0,1,0,0,2,"1, 2, 3, 4",4,5,5,4,5,4,5,5,4,5,1,1,1,1,0,,1,22,11,4,1,1,3,11,1.0,1,0.75
692,693,2,"1, 2, 6",1,1,0,0,0,1,3,"1, 2, 3, 4",4,5,3,2,3,3,4,2,3,2,1,1,1,0,0,,0,28,10,4,4,2,1,10,1.0,1,0.49999999999999994
693,694,1,"1, 2",1,1,0,0,0,0,1,2,1,4,5,5,5,4,4,3,4,3,1,1,1,0,0,1.0,0,42,8,6,5,2,3,8,1.0,1,0.6000000000000001
694,695,1,"1, 2, 5, 6",1,1,0,0,1,1,3,"2, 3",2,4,5,2,4,4,2,2,4,4,"1, 3",2,1,1,0,,0,24,10,4,1,1,1,10,1.0,1,0.6
695,696,3,"1, 2, 4, 5, 6",1,1,0,1,1,1,2,"1, 2, 3, 4",4,4,4,1,2,4,2,4,4,4,2,1,0,0,0,1.0,1,35,10,1,2,1,1,10,1.0,1,0.55
696,697,2,"1, 2, 4, 6",1,1,0,1,0,1,3,"1, 2, 3, 4",4,5,5,5,5,5,5,5,5,5,1,1,1,0,0,1.0,0,29,10,4,2,2,1,10,,1,0.8
697,698,3,1,1,0,0,0,0,0,3,2,1,5,4,4,5,4,4,4,5,5,1,1,0,0,0,0.0,0,32,8,5,5,2,1,13,1.0,1,0.75
